,Media_Source,Date,Tweets_ago,Tweet_Text,Compound,Positive,Negative,Neutral
0,@BBC,2018-07-09 20:02:05+00:00,0,"The greatest ice skater of all time, John Curry transformed a dated sport into an art form and made history by beco‚Ä¶ https://t.co/rKqQzp8Gv5",0.6369,0.167,0.0,0.833
1,@BBC,2018-07-09 19:02:06+00:00,-1,"‚ÄúI want to tell you honey you are the hero in my heart‚Äù

Saman Gunan's wife and father tell @BBCWorld about the man‚Ä¶ https://t.co/axL8XkMgc0",0.5994,0.182,0.0,0.818
2,@BBC,2018-07-09 18:02:03+00:00,-2,"That time David Attenborough made friends with a baby rhino. üò≠‚ù§Ô∏èÔ∏èü¶è #Africa 

https://t.co/Z5F0jaNk57",0.4767,0.22,0.0,0.78
3,@BBC,2018-07-09 17:32:03+00:00,-3,"A 'dogumentary' like no other, discover the world of the Mucky Pups luxury dog spa. üíÖüê©

Puppy Love | 7:30pm |‚Ä¶ https://t.co/EJYSH7Ckpm",0.6705,0.259,0.085,0.656
4,@BBC,2018-07-09 16:04:04+00:00,-4,"Although they're great fun, they're not always great for the environment... 

Here's how to go to a festival withou‚Ä¶ https://t.co/tvnMfnCrlL",0.9403,0.495,0.0,0.505
5,@BBC,2018-07-09 15:51:05+00:00,-5,"RT @BBCBreaking: Prince Louis arrives for his christening service at the Chapel Royal, St James's Palace

https://t.co/TGe9Ld5mpM https://t‚Ä¶",0.0,0.0,0.0,1.0
6,@BBC,2018-07-09 15:20:14+00:00,-6,"RT @BBCRadio2: Happy International Town Criers' Day! Watch @chestercrier teach @ed_miliband how to do the perfect ""oyez""  üó£ https://t.co/Ha‚Ä¶",0.8268,0.325,0.0,0.675
7,@BBC,2018-07-09 14:29:05+00:00,-7,"""Can I drum?‚Äù ü•Åü§∑‚Äç‚ôÇÔ∏è

This is the amazing moment when @thekillers let a fan join them on stage at @TRNSMTfest! üôå‚Ä¶ https://t.co/6DnHpaJxer",0.8221,0.336,0.0,0.664
8,@BBC,2018-07-09 14:23:06+00:00,-8,"RT @BBCBreaking: Boris Johnson resigns as UK Foreign Secretary, following the resignation of Brexit Secretary David Davis https://t.co/gFKn‚Ä¶",-0.5423,0.0,0.22,0.78
9,@BBC,2018-07-09 14:17:04+00:00,-9,"Divers have rescued four more boys from the vast flooded cave system in northern Thailand.

Follow live updates her‚Ä¶ https://t.co/cuWPaHhVTW",0.4215,0.128,0.0,0.872
10,@BBC,2018-07-09 13:03:05+00:00,-10,"Searching for the 'angel' who held me during the Westminster attack. 

https://t.co/Hgb96AhD1J https://t.co/SPXbsc6t1A",-0.4767,0.0,0.205,0.795
11,@BBC,2018-07-09 12:18:40+00:00,-11,"RT @bbctennis: The number of Grand Slam singles titles won by today's Centre Court players.

üèÜüèÜüèÜüèÜüèÜüèÜüèÜüèÜüèÜüèÜüèÜüèÜüèÜüèÜüèÜüèÜüèÜüèÜüèÜüèÜüèÜüèÜüèÜüèÜüèÜüèÜüèÜüèÜüèÜüèÜüèÜüèÜüèÜüèÜüèÜüèÜüèÜüèÜüèÜüèÜüèÜüèÜüèÜüèÜüèÜüèÜ‚Ä¶",0.6597,0.354,0.115,0.531
12,@BBC,2018-07-09 12:01:04+00:00,-12,"'I spread happiness': meet Irene, a yoga teacher who teaches in prisons. üßò

https://t.co/LkBRZK5BJe",0.0,0.0,0.0,1.0
13,@BBC,2018-07-09 11:03:02+00:00,-13,"What's wrong with the way we decorated?! üòÇüõÄüë∑

Couple find a 23-year-old hidden message while refurbishing their bat‚Ä¶ https://t.co/gfFrVjlZee",-0.5255,0.0,0.166,0.834
14,@BBC,2018-07-09 10:03:09+00:00,-14,Prince Louis will be christened later in a private ceremony in the Chapel Royal at St James's Palace. üë∂‚Ä¶ https://t.co/NOvYzzMN0F,0.0,0.0,0.0,1.0
15,@BBC,2018-07-09 08:51:27+00:00,-15,RT @BBCWorld: Cave divers in Thailand are poised to restart the high-risk operation to extract the remaining eight boys and their football‚Ä¶,0.25,0.087,0.0,0.913
16,@BBC,2018-07-09 08:51:21+00:00,-16,RT @BBCWorld: Japan floods: At least 100 dead in record rainfall https://t.co/SyQmfJ7R2J,-0.6486,0.0,0.281,0.719
17,@BBC,2018-07-09 08:51:17+00:00,-17,"RT @bbcgetinspired: Way back when @England winning the #WorldCup was just a pipe dream, we caught up with Gareth Southgate to find out his‚Ä¶",0.6597,0.205,0.0,0.795
18,@BBC,2018-07-09 08:51:06+00:00,-18,"RT @BBCArchive: #OnThisDay 2001: The Office was first broadcast, on @BBCTwo. https://t.co/TgfV8bNhy4",0.0,0.0,0.0,1.0
19,@BBC,2018-07-09 08:03:05+00:00,-19,"What's it like living with OCD? These people share their experience. 
#TrustMeImADoctor https://t.co/Ed41awcqEM",0.5719,0.299,0.0,0.701
20,@BBC,2018-07-09 07:27:05+00:00,-20,"'I didn‚Äôt leave the house for three months because of my anxiety.'
üëâ https://t.co/8q5C6bvqI7 https://t.co/qlAwtudj5E",-0.0516,0.0,0.085,0.915
21,@BBC,2018-07-09 07:00:09+00:00,-21,‚ö° This Korean entrepreneur has an idea that could revolutionise how power is generated. https://t.co/csjLDoyZoN,0.0,0.0,0.0,1.0
22,@BBC,2018-07-08 21:07:05+00:00,-22,"Justin Bieber 'engaged to Hailey Baldwin', US media say. üëâ https://t.co/j8cKfq8AtD https://t.co/HkqnZAQJi4",0.4019,0.213,0.0,0.787
23,@BBC,2018-07-08 20:52:12+00:00,-23,"RT @BBCBreaking: UK police launch murder inquiry after Dawn Sturgess, 44, dies after exposure to nerve agent Novichok https://t.co/adk3o7Sj‚Ä¶",-0.6908,0.0,0.207,0.793
24,@BBC,2018-07-08 20:05:00+00:00,-24,"‚úäüõçüõí This family have changed their shopping habits to reduce their plastic footprint.
#PlasticsAction https://t.co/RL3U1Vk7EN",0.0,0.0,0.0,1.0
25,@BBC,2018-07-08 19:04:02+00:00,-25,‚ù§Ô∏è This man is cleaning all 388 Holocaust plaques in his city. https://t.co/AfdxFBxxJ4,0.0,0.0,0.0,1.0
26,@BBC,2018-07-08 18:04:02+00:00,-26,'Did air pollution kill my daughter?' https://t.co/XzWSWFga6S,-0.6908,0.0,0.439,0.561
27,@BBC,2018-07-08 17:32:05+00:00,-27,"The operation to free 12 boys and their coach from a cave in northern Thailand is running ""smoothly"", the head of t‚Ä¶ https://t.co/fbCN1JeN1K",0.5106,0.136,0.0,0.864
28,@BBC,2018-07-08 17:02:03+00:00,-28,"üé∂üéª‚ú® Tonight, @thekatiederham introduces 2018's open-air concert from the magnificent gardens of the Schonbrunn Pala‚Ä¶ https://t.co/AHAYPRtAJn",0.5994,0.206,0.0,0.794
29,@BBC,2018-07-08 16:03:04+00:00,-29,"Look back at the 2008 #Wimbledon final between @rogerfederer and @RafaelNadal, widely acknowledged as one of the gr‚Ä¶ https://t.co/bNcdnjna2s",0.0,0.0,0.0,1.0
30,@BBC,2018-07-08 15:02:07+00:00,-30,"‚ö°Ô∏è This 15-year-old inventor is bringing cheap electricity to the developing world. 
(via @BBCThree) https://t.co/UWVzHhRs12",0.0,0.0,0.0,1.0
31,@BBC,2018-07-08 14:59:01+00:00,-31,"RT @BBCWorld: Nine boys and their coach will spend another night trapped in Thai cave, as rescue operation is paused for at least 10 hours‚Ä¶",-0.0258,0.111,0.114,0.774
32,@BBC,2018-07-08 14:02:01+00:00,-32,"üçÑ Increasingly, scientists are looking at whether some mind-altering drugs might also have the potential to be mind‚Ä¶ https://t.co/srd1w793nY",0.0,0.0,0.0,1.0
33,@BBC,2018-07-08 13:08:43+00:00,-33,RT @BBCNews: First boys 'rescued from Thailand cave' https://t.co/86U00UcvHn,0.4215,0.259,0.0,0.741
34,@BBC,2018-07-08 13:03:02+00:00,-34,The remarkable Viking discovery on the Isle of Skye. https://t.co/QV4CIcIO9L,0.5574,0.286,0.0,0.714
35,@BBC,2018-07-08 12:06:07+00:00,-35,"""Y'alright love?""

üòÇ This crow has a Yorkshire accent and it's amazing. https://t.co/3J8BQGiZM7",0.5859,0.275,0.0,0.725
36,@BBC,2018-07-08 11:03:07+00:00,-36,"Whether your whole household is vegetarian or you're just trying to cut down on your meat intake, everyone will lov‚Ä¶ https://t.co/mvwy1TIacc",-0.2732,0.0,0.095,0.905
37,@BBC,2018-07-08 10:02:04+00:00,-37,These little eels have travelled all the way from near the Bahamas to Scotland. https://t.co/P1oXYtSXD1,0.0,0.0,0.0,1.0
38,@BBC,2018-07-08 09:03:05+00:00,-38,"üò≥üèù Still haunted by the image of Pierce Brosnan dancing in flippers? Well, he‚Äôs back. 

üé•üçø These are the nine films‚Ä¶ https://t.co/Xw6O9UYha4",-0.25,0.083,0.123,0.794
39,@BBC,2018-07-08 08:12:23+00:00,-39,"RT @bbc5live: Just in case you missed this last night on @bbc5live 

28 years on from Italia 90, @chriswaddle93 gets emotional as England m‚Ä¶",-0.1531,0.062,0.085,0.853
40,@BBC,2018-07-08 08:12:10+00:00,-40,"RT @BBCWorld: Hang on boys, rescue is coming. üêóüáπüá≠

The mission to rescue 12 boys and football coach from a cave in Thailand has begun - and‚Ä¶",0.765,0.223,0.0,0.777
41,@BBC,2018-07-08 08:12:00+00:00,-41,"RT @BBCFood: 7 recipes for all the gluten-free people deciding what to have to breakfast ü§∑‚Äç‚ôÄ
https://t.co/vP56pf2KB1 https://t.co/zwNCvt0kKr",0.0,0.0,0.0,1.0
42,@BBC,2018-07-08 08:11:54+00:00,-42,RT @BBCBreakfast: Everyone needs this delicious dose of doggy cuteness üòçüòç https://t.co/Bq4AebzsRy,0.826,0.434,0.0,0.566
43,@BBC,2018-07-08 08:11:03+00:00,-43,RT @BBCNewsNI: Motorcycle racer William Dunlop killed in a crash at the Skerries 100 road races https://t.co/6m5CFDY1Jp https://t.co/53B15j‚Ä¶,-0.802,0.0,0.324,0.676
44,@BBC,2018-07-08 08:02:03+00:00,-44,üòçüèù Paradise is on our doorstep!  https://t.co/BWrCJcIzHl,0.6696,0.428,0.0,0.572
45,@BBC,2018-07-07 19:09:04+00:00,-45,'You don't look autistic' and other things not to say to people with autism. https://t.co/1GQS1Icvms,0.0,0.0,0.0,1.0
46,@BBC,2018-07-07 18:05:03+00:00,-46,"A South African woman is recovering in hospital after being discovered alive in a mortuary fridge.
üëâ‚Ä¶ https://t.co/IhrhDG1W2A",0.3818,0.148,0.0,0.852
47,@BBC,2018-07-07 17:05:04+00:00,-47,The women paid to cry at the funerals of strangers. https://t.co/oF6wA0ecwI,-0.6908,0.0,0.388,0.612
48,@BBC,2018-07-07 16:03:07+00:00,-48,These are the nine TV shows you NEED to watch in July. ‚òÄÔ∏èüì∫üå° https://t.co/p1pIcjGKap https://t.co/QCXpJOUav1,0.0,0.0,0.0,1.0
49,@BBC,2018-07-07 16:01:37+00:00,-49,"What a moment! Ô∏è‚öΩÔ∏èüëè

England are into the #WorldCup semi-finals for the first time since 1990. üëâ‚Ä¶ https://t.co/jCgcFi9kjg",0.0,0.0,0.0,1.0
50,@BBC,2018-07-07 15:55:59+00:00,-50,RT @BBCSport: Hey Zlatan... you owe David Beckham dinner! üòâ #ENGSWE #bbcworldcup #ThreeLions https://t.co/Kf8auWDumI,0.0,0.0,0.0,1.0
51,@BBC,2018-07-07 15:55:41+00:00,-51,"RT @BBCSport: THEY'VE DONE IT!

England have reached a #WorldCup semi-final for the first time since 1990!

FT: #SWE 0-2 #ENG 

Reaction:
üì∫‚Ä¶",0.2462,0.086,0.0,0.914
52,@BBC,2018-07-07 15:08:04+00:00,-52,üñº How can virtual reality help visually impaired people 'see' art? https://t.co/9Ry7wblTsn,0.4019,0.213,0.0,0.787
53,@BBC,2018-07-07 13:57:03+00:00,-53,"BREAKING: News just in on the #Poldark set... 

#ENGSWE #ENG #WorldCup 

https://t.co/SXiXO99gi4",0.0,0.0,0.0,1.0
54,@BBC,2018-07-07 13:14:05+00:00,-54,üòçüñº 10-year-old Kareem is an OUTSTANDING artist. https://t.co/Ip4X0w1dpc,0.694,0.403,0.0,0.597
55,@BBC,2018-07-07 12:51:07+00:00,-55,"Can the #ThreeLions go one step further? Today England face Sweden in the #WorldCup quarter-finals. #ENGSWE

Englan‚Ä¶ https://t.co/z7uo1UoVvR",0.0,0.0,0.0,1.0
56,@BBC,2018-07-07 12:36:36+00:00,-56,"RT @BBCOne: To all the Delias out there, we hope you find your Patsy. Happy Pride! üåà #Pride2018 https://t.co/uBSjFODU1S",0.8516,0.383,0.0,0.617
57,@BBC,2018-07-07 12:36:04+00:00,-57,RT @bbcthree: This Amazing Human uses coffee to give homeless people a second chance. https://t.co/NkhLSn6KTB,0.7003,0.326,0.0,0.674
58,@BBC,2018-07-07 12:31:04+00:00,-58,"One. Step. Closer. Ô∏è‚öΩÔ∏è‚û°Ô∏èüè†

Here's what could happen if @England won the #WorldCup... 

#ENGSWE #ENG #ThreeLions

https://t.co/XXqMRopNvK",0.5719,0.188,0.0,0.812
59,@BBC,2018-07-07 12:02:02+00:00,-59,"Scientists have designed a special type of drug that helps the body eat and destroy cancerous cells.
üëâ‚Ä¶ https://t.co/0kv12B5SRu",0.2023,0.223,0.147,0.63
60,@BBC,2018-07-07 11:03:09+00:00,-60,From vegetarian chilli to truffle pots: celebrate #WolrdChocolateDay in style with these recipes from @BBCFood. üòçüç´‚Ä¶ https://t.co/mlGEbp1WII,0.5719,0.188,0.0,0.812
61,@BBC,2018-07-07 10:07:03+00:00,-61,üòÇ #Wimbledon has started and suddenly EVERYONE is a tennis expert. https://t.co/TYjCmdDXxP,0.0,0.0,0.0,1.0
62,@BBC,2018-07-07 09:04:06+00:00,-62,üèÉüèª‚Äç‚ôÇÔ∏è Take a #parkour tour of Glasgow with Scotland's @RobbieJGriffith. https://t.co/SlvAKocTJ2,0.0,0.0,0.0,1.0
63,@BBC,2018-07-07 08:50:30+00:00,-63,"RT @BBCSport: Stop EVERYTHING you are doing! ‚úã‚úã‚úã

Cancel your wedding! üë∞
Don't go shopping! üõç
The holiday can wait! ‚úàÔ∏è
Forget that first da‚Ä¶",-0.5526,0.093,0.251,0.656
64,@BBC,2018-07-07 08:50:23+00:00,-64,"RT @bbceastenders: ‚ÄúI realised what an important story it was to tell.‚Äù
@Bonnie_Langford and @DavoodGhadami discuss the knife crime storyli‚Ä¶",-0.4019,0.077,0.15,0.773
65,@BBC,2018-07-07 08:38:06+00:00,-65,RT @BBCNews: Steve Ditko: Spider-Man co-creator found dead at 90 https://t.co/Epd0LTJUKP,-0.6486,0.0,0.301,0.699
66,@BBC,2018-07-07 08:03:06+00:00,-66,"Seven years after her death, these previously unseen photographs show Amy Winehouse at ease in front of her friend'‚Ä¶ https://t.co/bYoqpBhIeV",-0.34,0.102,0.16,0.738
67,@BBC,2018-07-07 07:04:07+00:00,-67,"Yassine scavenged on the dump for eight years. Now he runs it. 

https://t.co/gUOhlrkv6P",-0.3818,0.0,0.178,0.822
68,@BBC,2018-07-06 20:03:06+00:00,-68,"üò∫üêæ They sweat through their paws and can't taste sweet things... 

16 things you never knew about cats üëâ‚Ä¶ https://t.co/IOfDUpm49v",-0.357,0.0,0.115,0.885
69,@BBC,2018-07-06 19:02:04+00:00,-69,"üé∂ It's coming home üé∂

@Baddiel and @FrankOnTheRadio's song is sweeping the nation (again!)

Here's the story of how‚Ä¶ https://t.co/FTaRd9YNiZ",0.0,0.0,0.0,1.0
70,@BBC,2018-07-06 18:00:25+00:00,-70,üòÇ How annoying is this? https://t.co/Z2vtjhPZXH,-0.4019,0.0,0.403,0.597
71,@BBC,2018-07-06 17:03:02+00:00,-71,"üò≤üêª A new study reveals the hidden history of brown bears in Britain, suggesting they still roamed wild 1,500 years‚Ä¶ https://t.co/MdvCpNLZHr",0.0,0.0,0.0,1.0
72,@BBC,2018-07-06 16:01:31+00:00,-72,"RT @BBCOne: Sherlock is ALL the goals on #InternationalKissingDay üòç
#Sherlock #BBCSherlock https://t.co/yTcpX43pg7",0.0,0.0,0.0,1.0
73,@BBC,2018-07-06 16:01:00+00:00,-73,Actual footage of me leaving the office at exactly 5pm... üëã #FridayFeeling https://t.co/no9vchzANY,0.0,0.0,0.0,1.0
74,@BBC,2018-07-06 14:35:02+00:00,-74,"RT @BBCCiN: Thank you to everyone who got involved, fundraised and donated to BBC Children in Need last year! You have helped us to raise ¬£‚Ä¶",0.4199,0.1,0.0,0.9
75,@BBC,2018-07-06 14:32:06+00:00,-75,A man had to be rescued by firefighters after he became stuck in melted tarmac in Newcastle. üò∞üå°üöí‚Ä¶ https://t.co/Vv4Gk8hhuH,0.2023,0.135,0.096,0.769
76,@BBC,2018-07-06 13:08:03+00:00,-76,RT @bbcpress: ‚ÄòPainfully funny‚Äô bestseller #ThisIsGoingToHurt by @amateuradam to be adapted as eight-part @BBCTwo comedy-drama: https://t.c‚Ä¶,0.0,0.0,0.0,1.0
77,@BBC,2018-07-06 13:04:04+00:00,-77,"üíµüëü A disintegrating trainer worn by Michael J Fox in the Back to the Future sequel has sold for $92,100 (¬£70,143).‚Ä¶ https://t.co/NOGE8qFug2",-0.296,0.0,0.104,0.896
78,@BBC,2018-07-06 12:00:19+00:00,-78,üêùüï∫üêù We all know someone who does the wasp dance. https://t.co/IJm0eTScUS,0.0,0.0,0.0,1.0
79,@BBC,2018-07-06 11:02:07+00:00,-79,Beer glasses have been seized from a restaurant chain in Birmingham after they were found to be too small to contai‚Ä¶ https://t.co/qzSLHjzuLO,0.0,0.0,0.0,1.0
80,@BBC,2018-07-06 09:11:30+00:00,-80,"RT @BBCBreaking: Thai cave rescue death:

- Diver named as Saman Kunan
- 'His job was to deliver oxygen, did not have enough on his way bac‚Ä¶",-0.1531,0.109,0.129,0.762
81,@BBC,2018-07-06 09:10:00+00:00,-81,"RT @BBCRadio2: ""I think you and @Pink are the top end of the rock and roll ladies, and keep at it!"" - @flo_tweet was truly touched by this‚Ä¶",0.6114,0.166,0.0,0.834
82,@BBC,2018-07-06 09:03:45+00:00,-82,"RT @BBCSport: ""I'm not David Beckham, so we're in trouble."" 

Gareth Southgate's reaction to his new-found status as a style icon. https://‚Ä¶",0.0,0.0,0.0,1.0
83,@BBC,2018-07-06 09:03:29+00:00,-83,"RT @CBeebiesHQ: Long before @WaffleWonderDog, we had Pippin üê∂üê∂

Hands up if you remember Come Outside üôã‚Äç‚ôÇÔ∏èüôã

#CBeebiesNostalgia 
#Throwback‚Ä¶",0.0,0.0,0.0,1.0
84,@BBC,2018-07-06 09:03:13+00:00,-84,"RT @BBCRadio3: A rare chance to hear this monumental, modern masterpiece.
Gruppen - Stockhausen's avant-garde work for three orchestras fro‚Ä¶",0.7269,0.276,0.0,0.724
85,@BBC,2018-07-06 09:02:44+00:00,-85,"RT @5liveSport: ""You should get a red card if you fake it!"" üî¥

John McEnroe doesn't hold on when giving his thoughts on VAR and 'the guy fr‚Ä¶",-0.2481,0.081,0.114,0.806
86,@BBC,2018-07-06 08:02:01+00:00,-86,üíïüéà Georgina is 96-years-old and organises parties to help combat loneliness. https://t.co/JRAkMDNny8,0.0516,0.29,0.28,0.43
87,@BBC,2018-07-06 07:24:01+00:00,-87,"Why does alcohol affect women more than men?
üëâ https://t.co/UNwg06vOl3 https://t.co/HBR4lEMGXV",0.0,0.0,0.0,1.0
88,@BBC,2018-07-06 07:02:05+00:00,-88,"üòÇüê∂üé® But your dog probably wouldn't sit still long enough for this, right? https://t.co/U2Mdq3bOda",0.0,0.0,0.0,1.0
89,@BBC,2018-07-05 19:03:03+00:00,-89,"Social media companies are deliberately addicting users to their products for financial gain, say Silicon Valley in‚Ä¶ https://t.co/5Vn7t2h1SF",0.5267,0.167,0.0,0.833
90,@BBC,2018-07-05 18:00:24+00:00,-90,The town where even the graves are bulletproof. https://t.co/MDyzEuNg3y,-0.296,0.0,0.216,0.784
91,@BBC,2018-07-05 17:04:07+00:00,-91,üéìüìö A Belgian boy has graduated secondary school aged eight after completing six years' study in just a year and a h‚Ä¶ https://t.co/eStTYhpek8,0.0,0.0,0.0,1.0
92,@BBC,2018-07-05 16:02:03+00:00,-92,"In South Africa, three women are killed by their partners every day. https://t.co/Vg7jDZJgU6",-0.6705,0.0,0.273,0.727
93,@BBC,2018-07-05 16:00:34+00:00,-93,"RT @BBCNewsPR: Watch the evolution of our evening news jingles as we celebrate the 64th anniversary of BBC TV News. Show your age, which on‚Ä¶",0.5719,0.134,0.0,0.866
94,@BBC,2018-07-05 15:46:20+00:00,-94,RT @bbceastenders: It's coming home. #ENG https://t.co/Dp1R1SVjB4,0.0,0.0,0.0,1.0
95,@BBC,2018-07-05 15:36:29+00:00,-95,"At least two suspected rhino poachers have been mauled to death and eaten by lions on a South African game reserve,‚Ä¶ https://t.co/m8V0TpFjsd",-0.7003,0.0,0.234,0.766
96,@BBC,2018-07-05 14:02:04+00:00,-96,üå°üî•‚òÄÔ∏èFrom strength to bad breath: these are the weird things that happen to your body in extreme heat. üëâ‚Ä¶ https://t.co/sSsoIgrD5S,-0.25,0.126,0.205,0.669
97,@BBC,2018-07-05 13:00:14+00:00,-97,üòçüíó Wouldn't the world be a better place if more people were kind like this? https://t.co/2v0UXIcXN8,0.8428,0.43,0.0,0.57
98,@BBC,2018-07-05 12:00:01+00:00,-98,"üõçüõí Is it possible to shop without buying plastic?
#PlasticsAction https://t.co/nV0kMA6UzE",0.0,0.0,0.0,1.0
99,@BBC,2018-07-05 11:32:57+00:00,-99,RT @bbcstories: Indian-born Dennis Moss was inspired by tragedy to join the Welsh Ambulance Service in 1976 - and he's still working there‚Ä¶,0.0,0.188,0.153,0.66
100,@CBS,2018-07-09 18:53:34+00:00,0,"RT @TKOCBS: The Ball Buster, the Frisboom, the Spike Launcher, and the Slammer‚Ä¶ Get to know all of the #TKO Battle Stations: https://t.co/2‚Ä¶",-0.3818,0.0,0.106,0.894
101,@CBS,2018-07-09 18:09:00+00:00,-1,"RT @cbsallaccess: How much does it cost to bury the truth? #OneDollar premieres August 30, exclusively on CBS All Access. https://t.co/2HdY‚Ä¶",0.3182,0.103,0.0,0.897
102,@CBS,2018-07-06 22:22:55+00:00,-2,"RT @SalvationCBS: Mark your calendars, #Salvies: Monday's new #SalvationCBS will air at a special time, 10/9c. https://t.co/RUh1J7cfj8",0.4019,0.153,0.0,0.847
103,@CBS,2018-07-06 18:26:37+00:00,-3,Happy #InternationalKissingDay! See which stars we caught locking lips on the CBS Kiss Cam. üòò https://t.co/oMPCHZlgCl,0.7777,0.343,0.0,0.657
104,@CBS,2018-07-05 21:12:17+00:00,-4,Have you heard? Tonight's the first Live Show of #BB20. Grab a seat and get ready to watch the action unfold on CBS‚Ä¶ https://t.co/0YgRV1HLGd,0.3612,0.102,0.0,0.898
105,@CBS,2018-07-02 21:13:11+00:00,-5,"How much does it cost to bury the truth? #OneDollar premieres Thursday, August 30, exclusively on CBS All Access.‚Ä¶ https://t.co/1tab8eCaFz",0.3182,0.108,0.0,0.892
106,@CBS,2018-07-02 20:47:32+00:00,-6,Take a first look at our @Comic_Con lineup along with details of what you can expect to see:‚Ä¶ https://t.co/JqBtlKcwq3,0.0,0.0,0.0,1.0
107,@CBS,2018-07-02 17:27:06+00:00,-7,RT @TrueCrimeCBS: Two new true-crime series are set to premiere this July on CBS! Learn more about #Whistleblower and #PinkCollarCrimes bef‚Ä¶,0.0,0.0,0.0,1.0
108,@CBS,2018-07-02 17:00:02+00:00,-8,"If at first you don‚Äôt succeed on @PriceIsRight‚Ä¶bid, bid again! https://t.co/OWBaOsFZ3i",0.5411,0.259,0.0,0.741
109,@CBS,2018-06-27 20:31:32+00:00,-9,What‚Äôs summer without @CBSBigBrother? ‚òÄÔ∏è RT if you‚Äôre counting down the hours to the #BB20 premiere TONIGHT at 8/7c‚Ä¶ https://t.co/Xp1s4Fp5J8,0.0,0.0,0.0,1.0
110,@CBS,2018-06-27 14:00:01+00:00,-10,"It looks like you...

(‚Ä¢_‚Ä¢)
( ‚Ä¢_‚Ä¢)&gt;‚åê‚ñ†-‚ñ†
(‚åê‚ñ†_‚ñ†)

Have a lot of TV to watch!

Celebrate #NationalSunglassesDay with H‚Ä¶ https://t.co/Babt4ajIgV",0.7574,0.289,0.0,0.711
111,@CBS,2018-06-25 18:20:25+00:00,-11,The world will finally know the truth. ‚òÑÔ∏è Make sure to tune in to the heart-pounding Season 2 premiere of‚Ä¶ https://t.co/mqMleW90DY,0.5574,0.204,0.0,0.796
112,@CBS,2018-06-22 21:19:06+00:00,-12,Tonight's the night! Don't miss model @ashleygraham on the season finale of Celebrity @undercover_cbs at 8/7c. https://t.co/iBxAOcOF7a,0.1867,0.098,0.0,0.902
113,@CBS,2018-06-22 18:33:53+00:00,-13,"Every day is #TakeYourDogToWorkDay for shows like @HawaiiFive0CBS, @MomCBS, @SEALTeamCBS, and @bigbangtheory! https://t.co/DJaOt1VQcw",0.4199,0.189,0.0,0.811
114,@CBS,2018-06-21 23:29:50+00:00,-14,"Lights, camera, selfie! üì∏¬†Could there be a better photo for #NationalSelfieDay? https://t.co/14Ewx64yKC",0.4926,0.242,0.0,0.758
115,@CBS,2018-06-20 00:39:01+00:00,-15,There‚Äôs nothing quite like watching a contestant win a brand new car on @PriceIsRight. üëè  https://t.co/aKlFikYAMM,0.3555,0.222,0.136,0.642
116,@CBS,2018-06-18 20:27:50+00:00,-16,Time to make your predictions for #BB20! üëè Get to know the @CBSBigBrother Houseguests before the big premiere next‚Ä¶ https://t.co/jlpIchJ9sk,0.0,0.0,0.0,1.0
117,@CBS,2018-06-18 15:00:46+00:00,-17,RT @CBSBigBrother: Meet the cast of #BB20... before anyone else! Start streaming all their live interviews beginning at 11am EST/8am PST on‚Ä¶,0.0,0.0,0.0,1.0
118,@CBS,2018-06-17 13:00:01+00:00,-18,"Today and every day we celebrate their love, guidance, and support. Happy #FathersDay to every kind of dad! https://t.co/Wffax1khBH",0.9392,0.493,0.0,0.507
119,@CBS,2018-06-15 18:48:29+00:00,-19,"Casting Alert! @paulwesley, @DaniaJRamirez &amp; @JamesWolk are set to star in the upcoming CBS All Access psychologica‚Ä¶ https://t.co/JnZMrzT92n",0.3595,0.128,0.0,0.872
120,@CBS,2018-06-14 17:30:00+00:00,-20,"In case you missed it, watch the entire #TonyAwards now: https://t.co/Bm0yNV3Ff3 https://t.co/h3YnFkmSQJ",-0.296,0.0,0.167,0.833
121,@CBS,2018-06-14 16:19:32+00:00,-21,RT @StrangeAngel: Mastermind or maniac? Explore the brilliant mind of Jack Parsons in #StrangeAngel. Now streaming on CBS All Access: https‚Ä¶,0.1779,0.147,0.12,0.734
122,@CBS,2018-06-12 00:19:23+00:00,-22,"No pain, no gain, ALL Hart! Just one month until the premiere of @TKOCBS hosted by @KevinHart4real. https://t.co/C1yMCglxVn",-0.5562,0.134,0.315,0.551
123,@CBS,2018-06-11 22:23:06+00:00,-23,"RT @TheNeighborhood: Welcome to #TheNeighborhood, @BethBehrs! The @2BrokeGirls star returns to @CBS in a new sitcom alongside @CedEntertain‚Ä¶",0.5093,0.171,0.0,0.829
124,@CBS,2018-06-11 19:01:38+00:00,-24,"In case you missed it, watch the entire #TonyAwards now: https://t.co/Bm0yNV3Ff3 https://t.co/3GA5otlcPa",-0.296,0.0,0.167,0.833
125,@CBS,2018-06-11 14:00:37+00:00,-25,How do you know @SaraBareilles and @joshgroban's music? #TonyAwards https://t.co/POMXBORfUT,0.0,0.0,0.0,1.0
126,@CBS,2018-06-11 06:19:36+00:00,-26,Here are all the performances from the 2018 #TonyAwards: https://t.co/gN4ItpFlRd https://t.co/fSMNBXKC9r,0.0,0.0,0.0,1.0
127,@CBS,2018-06-11 06:04:41+00:00,-27,See the complete list of winners from the 2018 #TonyAwards: https://t.co/9XK6CGeber https://t.co/HkUIN4Quej,0.4767,0.22,0.0,0.78
128,@CBS,2018-06-11 03:10:33+00:00,-28,An end to a magical evening. The Band's Visit wins for Best Musical! #TonyAwards https://t.co/ODza97n8YH,0.8478,0.406,0.0,0.594
129,@CBS,2018-06-11 03:02:06+00:00,-29,Congratulations are in order for @TheKatrinaLenk! She just won for Best Leading Actress in a Musical. #TonyAwards https://t.co/t9bNvpiEmH,0.92,0.463,0.0,0.537
130,@CBS,2018-06-11 02:58:30+00:00,-30,"RT @CBSThisMorning: Hmm... something seems off here @SaraBareilles @JoshGroban. üòÇ

@WaitressMusical @GreatCometBway #TonyAwards https://t.c‚Ä¶",0.0,0.0,0.0,1.0
131,@CBS,2018-06-11 02:56:40+00:00,-31,RT @_stobin13: watching the #TonyAwards after going to 3 broadway shows this weekend makes it even better üòçü§©,0.4404,0.153,0.0,0.847
132,@CBS,2018-06-11 02:56:10+00:00,-32,Tony Shalhoub wins Best Leading Actor in a Musical. #TonyAwards   #TheBandsVisit https://t.co/KcUDSicKI5,0.836,0.467,0.0,0.533
133,@CBS,2018-06-11 02:53:00+00:00,-33,The Boss looks right at home on the #TonyAwards stage! https://t.co/pwjv4iydkn,0.0,0.0,0.0,1.0
134,@CBS,2018-06-11 02:47:29+00:00,-34,RT @Aatamianphoto: Springsteen is on the #TonyAwards and I love it.,0.6369,0.318,0.0,0.682
135,@CBS,2018-06-11 02:44:50+00:00,-35,Inspiration: Get to your YES! #OnceOnThisIsland #TonyAwards https://t.co/Wjp0QIWfXq,0.7978,0.543,0.0,0.457
136,@CBS,2018-06-11 02:44:37+00:00,-36,The feeling when you win a Tony. üôå¬†Congratulations to Once on This Island for winning Best Revival of a Musical!‚Ä¶ https://t.co/UpFCqgBTwh,0.9523,0.55,0.0,0.45
137,@CBS,2018-06-11 02:33:09+00:00,-37,What a beautiful performance by the cast of #TheBandsVisit. #TonyAwards https://t.co/4Hw96kZvrf,0.5994,0.302,0.0,0.698
138,@CBS,2018-06-11 02:29:18+00:00,-38,"""I'm a living example of how theatre can change you - and it didn't just change me, it saved me."" @JohnLeguizamo at‚Ä¶ https://t.co/4ICwMhb6hv",0.4215,0.123,0.0,0.877
139,@CBS,2018-06-11 02:23:56+00:00,-39,Angels in America takes the win for Best Revival of a Play! #TonyAwards https://t.co/zodW61tw8a,0.8932,0.517,0.0,0.483
140,@CBS,2018-06-11 02:21:03+00:00,-40,"RT @leahableson: The Once On This Island Goat And Chicken made it to the broadcast, Mama WILL provide #TonyAwards",0.0,0.0,0.0,1.0
141,@CBS,2018-06-11 02:16:06+00:00,-41,That performance was the GOAT. #TonyAwards https://t.co/mtoU92HipQ,0.0,0.0,0.0,1.0
142,@CBS,2018-06-11 02:11:03+00:00,-42,Harry Potter and the Cursed Child wins Best Play at the #TonyAwards! @HPPlayNYC https://t.co/WIqJQmtAlN,0.8908,0.491,0.0,0.509
143,@CBS,2018-06-11 02:05:47+00:00,-43,üé∂ ‚ÄúLet's dance this last dance tonight.‚Äù üé∂ #TonyAwards #DonnaSummerMusical https://t.co/UAIaglChfv,0.0,0.0,0.0,1.0
144,@CBS,2018-06-11 02:03:31+00:00,-44,Hope he brought enough birthday cake for everyone! #TonyAwards https://t.co/FlLbKV6oj8,0.4926,0.262,0.0,0.738
145,@CBS,2018-06-11 01:58:48+00:00,-45,@writerlindsayb You're welcome! #TonyAwards,0.5093,0.523,0.0,0.477
146,@CBS,2018-06-11 01:53:17+00:00,-46,RT @hjmayer8: I sure do love @DearEvanHansen üíô #TonyAwards,0.7579,0.565,0.0,0.435
147,@CBS,2018-06-11 01:51:16+00:00,-47,"RT @Valerie4815: What a birthday present, the Tony audience singing happy birthday to you!! #TonyAwards",0.6467,0.248,0.0,0.752
148,@CBS,2018-06-11 01:38:23+00:00,-48,If only this performance could go on forever. #TonyAwards @FrozenBroadway https://t.co/p2BMUvyTxr,0.0,0.0,0.0,1.0
149,@CBS,2018-06-11 01:37:36+00:00,-49,RT @anna_villanueva: Magnificent performance from the cast of @FrozenBroadway! #TonyAwards2018 #TonyAwards #Tonys,0.636,0.276,0.0,0.724
150,@CBS,2018-06-11 01:30:56+00:00,-50,Glenda Jackson wins Best Leading Actress in a Play. #TonyAwards @threetallwomen https://t.co/GRp1gcBuiW,0.8834,0.563,0.0,0.437
151,@CBS,2018-06-11 01:29:21+00:00,-51,.@SaraBareilles is totally a Gryffindor. #TonyAwards https://t.co/OPQ7esk2dn,0.0,0.0,0.0,1.0
152,@CBS,2018-06-11 01:26:03+00:00,-52,RT @IzzyNY202: How impressive are these Marjory Stoneman Douglas students? That #TonyAwards performance reduced me to tears. Amazing.,0.7351,0.296,0.079,0.625
153,@CBS,2018-06-11 01:25:59+00:00,-53,RT @KatLargent: MAGIC #TonyAwards,0.0,0.0,0.0,1.0
154,@CBS,2018-06-11 01:24:46+00:00,-54,Such a touching moment at the #TonyAwards. ‚ù§Ô∏è https://t.co/4kJWTHVPZ8,0.0,0.0,0.0,1.0
155,@CBS,2018-06-11 01:24:12+00:00,-55,.@Matt_Morrison welcomes the Marjory Stoneman Douglas High School theatre department to the stage. #TonyAwards https://t.co/5dxa9smeka,0.4019,0.162,0.0,0.838
156,@CBS,2018-06-11 01:19:59+00:00,-56,So many feels at the #TonyAwards. Congratulations to @arielstachel for winning Best Featured Actor in a Musical!‚Ä¶ https://t.co/m1aRNIHPRK,0.9151,0.457,0.0,0.543
157,@CBS,2018-06-11 01:12:31+00:00,-57,RT @McBenefit: I love everything about you @UzoAduba. #TonyAwards,0.6369,0.375,0.0,0.625
158,@CBS,2018-06-11 01:08:28+00:00,-58,RT if that musical number by the cast of Carousel blew you away! #TonyAwards https://t.co/CMzMNtcAQO,0.1511,0.102,0.0,0.898
159,@CBS,2018-06-11 01:08:24+00:00,-59,Nathan Lane saw his #AngelsinAmerica role as a challenge. How will you challenge yourself in 2018? #TonyAwards https://t.co/3WXd6AqgBi,0.1531,0.148,0.0,0.852
160,@CBS,2018-06-11 01:02:47+00:00,-60,Nathan Lane wins Best Featured Actor in a Play. #TonyAwards @angelsbway https://t.co/xc8M7JtLDE,0.8834,0.563,0.0,0.437
161,@CBS,2018-06-11 00:58:06+00:00,-61,üåü¬†@joshgroban and @SaraBareilles are Host Goals. üåü #TonyAwards https://t.co/OGQec8cXJ6,0.0,0.0,0.0,1.0
162,@CBS,2018-06-11 00:52:34+00:00,-62,RT @adub369: This is unbelievable! @SaraBareilles and @joshgroban #TonyAwards,0.2714,0.207,0.0,0.793
163,@CBS,2018-06-11 00:51:11+00:00,-63,Who lives in a pineapple and just performed at The Tonys? üççüé∂ The cast of SpongeBob SquarePants: The Musical!‚Ä¶ https://t.co/mvFxdh9UJi,0.0,0.0,0.0,1.0
164,@CBS,2018-06-11 00:50:18+00:00,-64,‚ú® @LindsayMendez wins Best Featured Actress in a Musical! #TonyAwards @carouselbway https://t.co/MtgFowscN5,0.8478,0.506,0.0,0.494
165,@CBS,2018-06-11 00:45:14+00:00,-65,A big congratulations to @springsteen for his Special Tony award! ‚ú®¬†#TonyAwards https://t.co/i16u8uv9aT,0.8858,0.565,0.0,0.435
166,@CBS,2018-06-11 00:44:36+00:00,-66,Can the 73rd annual #TonyAwards just be three-hours of @TitussBurgess? https://t.co/3rCZwwTUtv,0.0,0.0,0.0,1.0
167,@CBS,2018-06-11 00:35:41+00:00,-67,"RT @CBSThisMorning: ""We know there are a lot of you out there who have photos of yourself in school plays or community theater."" Post your‚Ä¶",0.25,0.08,0.0,0.92
168,@CBS,2018-06-11 00:34:45+00:00,-68,Keep your acceptance speeches short or else the #TonyAwards will get the angels involved. #AngelsInAmerica üëº https://t.co/oznhezRzDc,0.4588,0.167,0.0,0.833
169,@CBS,2018-06-11 00:31:28+00:00,-69,"If you haven't started singing, you will be the rest of the night. #TonyAwards #MyFairLady https://t.co/jbGXwnru8N",0.0,0.0,0.0,1.0
170,@CBS,2018-06-11 00:27:42+00:00,-70,RT @marialena_rago: I like this opener for @MyFairLadyBway #TonyAwards,0.3612,0.263,0.0,0.737
171,@CBS,2018-06-11 00:27:00+00:00,-71,Laurie Metcalf wins Best Featured Actress in a Play! #TonyAwards @threetallwomen https://t.co/y4teyJaRPs,0.8908,0.57,0.0,0.43
172,@CBS,2018-06-11 00:24:31+00:00,-72,Tina Fey has a boat?? #MeanGirls #TonyAwards https://t.co/phYxmHMd3d,0.0,0.0,0.0,1.0
173,@CBS,2018-06-11 00:22:15+00:00,-73,Representing the hardest-working men and women in Broadway‚Ä¶¬†ensemble members from every nominated musical tonight!‚Ä¶ https://t.co/imlEEnOUla,0.0,0.0,0.0,1.0
174,@CBS,2018-06-11 00:22:15+00:00,-74,RT @misschae: I love theatre so much. #TonyAwards,0.6369,0.412,0.0,0.588
175,@CBS,2018-06-11 00:18:16+00:00,-75,On Wednesdays they wear pink and on Sundays they perform at the #TonyAwards. üíï Who thought that performance by the‚Ä¶ https://t.co/w7QDkaX6kF,0.0,0.0,0.0,1.0
176,@CBS,2018-06-11 00:13:27+00:00,-76,"RT @MichaelJMoritz: ""We are all made perfectly and we all belong‚Äù - Andrew Garfield #TonyAwards",0.6369,0.244,0.0,0.756
177,@CBS,2018-06-11 00:12:31+00:00,-77,Andrew Garfield wins Best Leading Actor in a Play. #TonyAwards @angelsbway https://t.co/s2VQnw6IPP,0.8834,0.563,0.0,0.437
178,@CBS,2018-06-11 00:06:39+00:00,-78,"RT @nightingalen: Love this opening song! @joshgroban
@SaraBarreilles 
#TonyAwards",0.6696,0.36,0.0,0.64
179,@CBS,2018-06-11 00:04:15+00:00,-79,‚ú® @joshgroban and @SaraBareilles take the stage to begin an unforgettable evening. #TonyAwards https://t.co/y9uzlK2DzO,0.0,0.0,0.0,1.0
180,@CBS,2018-06-10 23:59:00+00:00,-80,Grab your popcorn... it's time for the #TonyAwards! Go and stream the entire show now: https://t.co/Wo1algQHix https://t.co/JGYTk4NPDN,0.0,0.0,0.0,1.0
181,@CBS,2018-06-10 23:18:15+00:00,-81,‚ú® @thegoodfight's Christine Baranski has arrived on the #TonyAwards red carpet! Watch LIVE at 8/7c on CBS! https://t.co/XnXAnPtRrc,0.0,0.0,0.0,1.0
182,@CBS,2018-06-10 22:01:25+00:00,-82,"The hosts have arrived! We're LIVE with @SaraBareilles, @joshgroban and more on the #TonyAwards red carpet hosted b‚Ä¶ https://t.co/NtarbgywLe",0.0,0.0,0.0,1.0
183,@CBS,2018-06-10 15:00:01+00:00,-83,Tonight's the night! Join @etnow's @DDirecto on the #TonyAwards' red carpet starting at 5PM ET! https://t.co/hZLOSiIRAT,0.4184,0.157,0.0,0.843
184,@CBS,2018-06-09 21:00:02+00:00,-84,These two know a thing or two about awards! Watch them light up the stage tomorrow at the #TonyAwards. ‚ú® https://t.co/KHVZp65oLS,0.5093,0.155,0.0,0.845
185,@CBS,2018-06-09 16:00:00+00:00,-85,Here's everything you need to know before watching the #TonyAwards this Sunday at 8/7c: https://t.co/jcRgNGmLUZ https://t.co/8suUhVPFK6,0.0,0.0,0.0,1.0
186,@CBS,2018-06-08 19:46:17+00:00,-86,Join @etnow's @DDirecto this Sunday on the #TonyAwards' red carpet. https://t.co/7jS8g10KmY,0.296,0.18,0.0,0.82
187,@CBS,2018-06-08 15:00:03+00:00,-87,Here's @laChanze with a reminder that you can stream the #TonyAwards this Sunday on CBS All Access! https://t.co/8TDEXzKmyQ,0.0,0.0,0.0,1.0
188,@CBS,2018-06-08 13:58:15+00:00,-88,"We all get by with a little help from our friends, so what better way to celebrate #NationalBestFriendsDay than to‚Ä¶ https://t.co/pIZezbBwaT",0.9078,0.436,0.0,0.564
189,@CBS,2018-06-07 17:03:26+00:00,-89,"Get ready for show-stopping performances by the casts of the 2018 Tony-nominated shows Mean Girls, SpongeBob Square‚Ä¶ https://t.co/NiSx9Bbw0F",0.3612,0.128,0.0,0.872
190,@CBS,2018-06-06 21:00:24+00:00,-90,Don‚Äôt miss a special performance from @springsteen this Sunday at the #TonyAwards: https://t.co/LYYdleaFwU https://t.co/IKkKoITH9y,0.2732,0.176,0.105,0.719
191,@CBS,2018-06-06 00:08:30+00:00,-91,"RT @CBSThisMorning: .@SaraBareilles and @joshgroban are hosting this Sunday's @TheTonyAwards on @CBS! 

Wednesday, they'll join us LIVE on‚Ä¶",0.3595,0.128,0.0,0.872
192,@CBS,2018-06-05 22:23:35+00:00,-92,"RT @SU2C: SU2C telecast Co-Executive Producer Bradley Cooper sits down with Mitch Carbon, a pediatric cancer survivor who benefited from #S‚Ä¶",-0.4404,0.1,0.177,0.723
193,@CBS,2018-06-05 22:12:28+00:00,-93,RT @StrangeAngel: About last night... The #StrangeAngel screening party was a blast! Pun intended. üöÄüòè https://t.co/m64EcNmweY,0.4574,0.176,0.0,0.824
194,@CBS,2018-06-05 19:00:02+00:00,-94,These CBS stars can really belt it out! Find out which celebs from your favorite shows are pitch-perfect:‚Ä¶ https://t.co/X4zMACFazB,0.5093,0.155,0.0,0.845
195,@CBS,2018-06-05 15:04:41+00:00,-95,"More stars are set to appear at the #TonyAwards, including @billyjoel, @amyschumer, and @katharinemcphee. See who e‚Ä¶ https://t.co/lPUocBcn9t",0.0,0.0,0.0,1.0
196,@CBS,2018-06-04 17:00:00+00:00,-96,"The #TonyAwards are just days away, and @joshgroban and @SaraBareilles will bring all they've got to Broadway's Big‚Ä¶ https://t.co/eKkWn6ClSq",0.0,0.0,0.0,1.0
197,@CBS,2018-06-01 17:39:17+00:00,-97,"Call us old-fashioned, but we donut want you missing out on #NationalDonutDay! Here are a few treats from us to you‚Ä¶ https://t.co/HpzN8bQ3SO",-0.3903,0.062,0.131,0.807
198,@CBS,2018-06-01 17:00:03+00:00,-98,Remember @Lin_Manuel‚Äôs beautiful sonnet from the 70th Annual Tony Awards¬Æ? Relive some of the greatest moments in‚Ä¶ https://t.co/IZjeQLd58C,0.8442,0.336,0.0,0.664
199,@CBS,2018-05-31 23:50:00+00:00,-99,"Good friends @joshgroban and @SaraBareilles are hosting the #TonyAwards together? Well, this is bound to be fun! https://t.co/26Vgzp0s2e",0.8932,0.455,0.0,0.545
200,@CNN,2018-07-09 22:08:06+00:00,0,Uber plans to add the ability to find a Lime scooter in its app as part of a $335 million round of funding for the‚Ä¶ https://t.co/k6CLzLNDId,0.3182,0.091,0.0,0.909
201,@CNN,2018-07-09 22:02:00+00:00,-1,A recent study found that humans on the moon increased its temperature. Here's why: https://t.co/PdagTRQmin https://t.co/sKZxvXzdz7,0.2732,0.13,0.0,0.87
202,@CNN,2018-07-09 21:58:34+00:00,-2,"RT @CNNSitRoom: ""These kids will be sent back to ICE custody and reunited with their families there."" - CNN's Ed Lavandera is in Brownsvill‚Ä¶",0.0,0.0,0.0,1.0
203,@CNN,2018-07-09 21:57:03+00:00,-3,"Acting Environmental Protection Agency chief Andrew Wheeler ""puts a premium on transparency"" and is bringing to the‚Ä¶ https://t.co/B7rFrgaeaP",0.0,0.0,0.0,1.0
204,@CNN,2018-07-09 21:52:05+00:00,-4,"The Bird electric scooter rentals startup is now valued at $2 billion after a recent $300 million funding round, a‚Ä¶ https://t.co/ruEs5W6W6C",0.4404,0.132,0.0,0.868
205,@CNN,2018-07-09 21:47:55+00:00,-5,"RT @CNNSitRoom: The nominees are ""much more similar than they are different,"" says Jeffrey Toobin, adding that President Trump ""will appoin‚Ä¶",0.0,0.0,0.0,1.0
206,@CNN,2018-07-09 21:46:08+00:00,-6,"A little more than a month after staffers at The New Yorker declared their intention to form a union, the magazine'‚Ä¶ https://t.co/oHAh1juqJG",0.0,0.0,0.0,1.0
207,@CNN,2018-07-09 21:38:06+00:00,-7,Apple and Google are facing questions from House Republicans over smartphone data privacy https://t.co/AwS7AQhURt https://t.co/wBBdDggexb,0.0,0.0,0.0,1.0
208,@CNN,2018-07-09 21:32:00+00:00,-8,Electric scooters have overtaken the streets in several cities around the world. Now lawmakers are struggling to re‚Ä¶ https://t.co/oMAjvvsEFj,-0.4215,0.0,0.135,0.865
209,@CNN,2018-07-09 21:28:19+00:00,-9,"From 32 nations at the #WorldCup, four remain. First up are France and Belgium. https://t.co/WCgoXvyHWa",0.0,0.0,0.0,1.0
210,@CNN,2018-07-09 21:21:07+00:00,-10,"She found her ring in the ashes of their home, so he proposed all over again https://t.co/srYGg1liGo https://t.co/zappcjaXT3",0.0,0.0,0.0,1.0
211,@CNN,2018-07-09 21:16:27+00:00,-11,"RT @TheLeadCNN: Eight boys have been rescued but ""not even their families have been told"" which ones are free and which boys are still trap‚Ä¶",0.7469,0.216,0.0,0.784
212,@CNN,2018-07-09 21:16:21+00:00,-12,YouTube says it has a plan to stem the flow of misinformation videos https://t.co/ncnpCX2RP0 https://t.co/SEAdLFdTqa,-0.3182,0.0,0.15,0.85
213,@CNN,2018-07-09 21:08:10+00:00,-13,The sexual harassment we don't talk about | By Ruth Ben-Ghiat via @CNNOpinion https://t.co/EBuWKDTbgh https://t.co/RBtJLj5JaX,-0.5423,0.0,0.212,0.788
214,@CNN,2018-07-09 21:06:22+00:00,-14,"RT @TheLeadCNN: ""We may be in the most dangerous phase of the entire"" rescue mission says @tomforemancnn, ""as tired as everyone is, as dang‚Ä¶",-0.4576,0.108,0.206,0.686
215,@CNN,2018-07-09 21:02:00+00:00,-15,Starbucks is going strawless. The coffee company announced Monday that it will phase out plastic straws from all of‚Ä¶ https://t.co/t4vMFH4kQM,0.0,0.0,0.0,1.0
216,@CNN,2018-07-09 20:56:06+00:00,-16,A fast-moving wildfire that has already claimed one life and injured three firefighters has spread from northern Ca‚Ä¶ https://t.co/spJMDjbzuN,-0.4019,0.0,0.137,0.863
217,@CNN,2018-07-09 20:50:07+00:00,-17,A Texas police officer has been placed on desk duty after a chaotic cellphone video of him pulling a gun on a group‚Ä¶ https://t.co/OqogMVhuOo,-0.6808,0.0,0.237,0.763
218,@CNN,2018-07-09 20:44:04+00:00,-18,"Sen. Elizabeth Warren fired back at President Trump for trying to ""bully her to shut her up"" with his comments ques‚Ä¶ https://t.co/kqMq0OEf21",-0.7783,0.0,0.254,0.746
219,@CNN,2018-07-09 20:42:09+00:00,-19,"Senate Majority Leader Mitch McConnell slams Democrats, saying they're engaging in ‚Äúscare tactics‚Äù ahead of the rev‚Ä¶ https://t.co/wOypL7xGMx",0.34,0.124,0.0,0.876
220,@CNN,2018-07-09 20:38:05+00:00,-20,"Sacha Baron Cohen is coming to Showtime with ""Who Is America?"" https://t.co/NYGiIHIL7S https://t.co/YCtgkgOr4C",0.0,0.0,0.0,1.0
221,@CNN,2018-07-09 20:32:05+00:00,-21,The Trump administration reportedly wanted to water down an international resolution promoting breastfeeding. Here'‚Ä¶ https://t.co/3M2IzkiFd8,0.3612,0.152,0.0,0.848
222,@CNN,2018-07-09 20:26:50+00:00,-22,RT @CNNPolitics: Senate Majority Leader Mitch McConnell slams Democrats for ‚Äúscare tactics‚Äù ahead of the reveal of President Trump‚Äôs Suprem‚Ä¶,0.0,0.0,0.0,1.0
223,@CNN,2018-07-09 20:26:03+00:00,-23,A city once known as America's foreclosure capital will become the first in the US to participate in a test of Univ‚Ä¶ https://t.co/ZHSQw43meO,-0.128,0.0,0.07,0.93
224,@CNN,2018-07-09 20:23:24+00:00,-24,Former FBI lawyer Lisa Page has been subpoenaed for a closed-door interview this week with the House Judiciary and‚Ä¶ https://t.co/GU1E00W40A,0.0,0.0,0.0,1.0
225,@CNN,2018-07-09 20:20:10+00:00,-25,"UN humanitarian chief: Why I'm visiting North Korea https://t.co/qTfkG1moDm

By Mark Lowcock via @CNNOpinion https://t.co/7cJWt6tbPK",0.0,0.0,0.0,1.0
226,@CNN,2018-07-09 20:14:17+00:00,-26,"RT @CNNnewsroom: Boris Johnson and David Davis resigning are ""catastrophic"" for Theresa May says CNN's @richardquest: ""The Europeans are pl‚Ä¶",-0.2263,0.0,0.091,0.909
227,@CNN,2018-07-09 20:14:04+00:00,-27,Why it's taking so long for the government to reunite the families it separated https://t.co/PYuTR6wtuc https://t.co/5xLm30QV7R,0.0,0.0,0.0,1.0
228,@CNN,2018-07-09 20:14:02+00:00,-28,"RT @CNNnewsroom: President Trump's SCOTUS nominee ""is historically more significant because it's going to create this conservative majority‚Ä¶",0.4927,0.208,0.0,0.792
229,@CNN,2018-07-09 20:13:48+00:00,-29,"Sen. Chuck Schumer: ""US senators and the American people should expect an affirmative statement of support for the‚Ä¶ https://t.co/bXTlUlh1wF",0.4019,0.13,0.0,0.87
230,@CNN,2018-07-09 20:08:04+00:00,-30,"The White House has tapped former Republican Sen. Jon Kyl of Arizona to be the ""Sherpa"" for President Trump's Supre‚Ä¶ https://t.co/Q2ysYtSdB0",0.0,0.0,0.0,1.0
231,@CNN,2018-07-09 20:02:08+00:00,-31,The smart way for Trump to handle immigration | By YJ Fischer via @CNNOpinion https://t.co/udwFP8yfQW https://t.co/TQEcg2j3nX,0.4019,0.162,0.0,0.838
232,@CNN,2018-07-09 19:55:41+00:00,-32,"The remnants of the storm Beryl brought heavy rain and wind to Puerto Rico, creating flash flood warnings on the is‚Ä¶ https://t.co/YzVffKxwHm",0.0,0.09,0.09,0.82
233,@CNN,2018-07-09 19:45:09+00:00,-33,"""The owner saw me &amp; threw in a free baklava (one of my favorite desserts). He said he appreciated what I was doing.‚Ä¶ https://t.co/H7uWSKZNgq",0.8625,0.336,0.0,0.664
234,@CNN,2018-07-09 19:38:18+00:00,-34,"RT @CNNnewsroom: Sen. Chuck Schumer: ""US Senators and the American people should expect an affirmative statement of support for the persona‚Ä¶",0.4019,0.119,0.0,0.881
235,@CNN,2018-07-09 19:31:46+00:00,-35,Marathon man John Isner makes his first #Wimbledon quarterfinal https://t.co/SXo6rbBaRm https://t.co/BXWAa91DVP,0.0,0.0,0.0,1.0
236,@CNN,2018-07-09 19:20:03+00:00,-36,Roughly half of the children under 5 years old who were separated from their parents at the border will be back wit‚Ä¶ https://t.co/fSSt9MVsQQ,0.0,0.0,0.0,1.0
237,@CNN,2018-07-09 19:10:05+00:00,-37,A teenager was arrested last week in Iran for posting videos of herself dancing on social media‚Ä¶ https://t.co/pJcQgakm0Y,-0.4767,0.0,0.162,0.838
238,@CNN,2018-07-09 19:00:13+00:00,-38,"Twitter stock tanked after a report found that the company has ramped up its suspensions of fake accounts, potentia‚Ä¶ https://t.co/lRxLvXlLnX",-0.4767,0.0,0.147,0.853
239,@CNN,2018-07-09 18:50:04+00:00,-39,"Former White House chief strategist Steve Bannon was confronted by a woman who called him ""a piece of trash"" at a b‚Ä¶ https://t.co/mpHtkjQNPW",-0.2023,0.0,0.083,0.917
240,@CNN,2018-07-09 18:40:05+00:00,-40,When President Trump unveils his second Supreme Court pick tonight with the prime-time flourish of a reality show s‚Ä¶ https://t.co/ObvD1hHkJW,0.5574,0.167,0.0,0.833
241,@CNN,2018-07-09 18:30:45+00:00,-41,A beauty queen gave up her title after a skit was performed at the Miss Massachusetts competition that made fun of‚Ä¶ https://t.co/vt4IuqlXEJ,0.7579,0.276,0.062,0.661
242,@CNN,2018-07-09 18:20:07+00:00,-42,"Michael Cohen, the President's former fixer and ultimate loyalist, is sending a clear signal to President Trump and‚Ä¶ https://t.co/p8VnM6VksV",0.6249,0.242,0.0,0.758
243,@CNN,2018-07-09 18:10:04+00:00,-43,"Babies sleep better when they begin solid food early, study says https://t.co/WbzLMmbYgU https://t.co/1zbDHmI2zH",0.5423,0.29,0.0,0.71
244,@CNN,2018-07-09 18:02:00+00:00,-44,"Netflix lives by the old motto, ""content is king."" So how, exactly, is it managing to dominate the streaming world?‚Ä¶ https://t.co/MESsUJrB8w",-0.128,0.0,0.07,0.93
245,@CNN,2018-07-09 17:55:09+00:00,-45,Watchdog calls for GOP congressman investigation following accusations he ignored abuse https://t.co/KpJZjiLih3 https://t.co/t5yLVwPyeP,-0.8316,0.0,0.468,0.532
246,@CNN,2018-07-09 17:45:05+00:00,-46,"She found her ring in the ashes of their home, so he proposed all over again https://t.co/eRuktR4Jcp https://t.co/yxspl9PZgM",0.0,0.0,0.0,1.0
247,@CNN,2018-07-09 17:36:43+00:00,-47,"The ""blind"" Cheetah 3 robot developed by the MIT is designed to avoid obstacles and climb stairs using ""feel"" inste‚Ä¶ https://t.co/7umtTEo5No",-0.5859,0.0,0.211,0.789
248,@CNN,2018-07-09 17:23:13+00:00,-48,Rudy Giuliani seems to say President Trump asked former FBI Director James Comey to give ex-White House national se‚Ä¶ https://t.co/UAbQlRnR0Y,0.0,0.0,0.0,1.0
249,@CNN,2018-07-09 17:13:58+00:00,-49,Republican Sen. John Kennedy to Russian government officials: 'Stop screwing with American elections'‚Ä¶ https://t.co/v1bBj6oMtm,-0.4767,0.0,0.255,0.745
250,@CNN,2018-07-09 17:01:26+00:00,-50,Members of Parliament interrupted UK Prime Minister Theresa May as she thanked outgoing Foreign Secretary Boris Joh‚Ä¶ https://t.co/CCoYNYf226,0.4404,0.229,0.099,0.673
251,@CNN,2018-07-09 16:55:04+00:00,-51,"Tab Hunter, who rose to fame as a Hollywood heartthrob in the 1950s, died Sunday in Santa Barbara, California, his‚Ä¶ https://t.co/e4552UWTZK",-0.1779,0.118,0.147,0.735
252,@CNN,2018-07-09 16:46:00+00:00,-52,A recent study found that humans on the moon increased its temperature. Here's why: https://t.co/PdagTRyKTN https://t.co/o55tJkSrEm,0.2732,0.13,0.0,0.87
253,@CNN,2018-07-09 16:35:07+00:00,-53,"Former White House chief strategist Steve Bannon was confronted by a woman who called him ""a piece of trash"" at a b‚Ä¶ https://t.co/dJHH652vuY",-0.2023,0.0,0.083,0.917
254,@CNN,2018-07-09 16:30:20+00:00,-54,Senate Majority Leader Mitch McConnell was followed to his car Saturday by protesters who hurled both personal insu‚Ä¶ https://t.co/kvy5PbKmU8,-0.2263,0.0,0.095,0.905
255,@CNN,2018-07-09 16:13:53+00:00,-55,"After their big swimsuit shakeup, the Miss America pageant is headed for more drama https://t.co/MQQQiH4MGu https://t.co/3NQcwsURyK",-0.296,0.0,0.186,0.814
256,@CNN,2018-07-09 16:06:14+00:00,-56,"RT @CNNnewsroom: ""He's a bully. He impressed me as the sort of guy who started out in the world as a smartass and worked his way up,"" Sen.‚Ä¶",-0.4939,0.096,0.194,0.71
257,@CNN,2018-07-09 16:02:47+00:00,-57,Some immigrant families are being reunited -- but their troubles are far from over https://t.co/Kf76hrr18N https://t.co/INy9onmURY,-0.6124,0.0,0.211,0.789
258,@CNN,2018-07-09 15:55:39+00:00,-58,"RT @CNNnewsroom: GOP Sen. John Kennedy reveals what he's looking for in Trump's SCOTUS nomination. He wants someone who is:
‚Ä¢ smart
‚Ä¢ intel‚Ä¶",0.4019,0.114,0.0,0.886
259,@CNN,2018-07-09 15:40:40+00:00,-59,A beauty queen gave up her title after a skit was performed at the Miss Massachusetts competition that made fun of‚Ä¶ https://t.co/dhmc899J0V,0.7579,0.276,0.062,0.661
260,@CNN,2018-07-09 15:40:08+00:00,-60,Senate Majority Leader Mitch McConnell was followed to his car Saturday by protesters who hurled both personal insu‚Ä¶ https://t.co/j8WsI1IniB,-0.2263,0.0,0.095,0.905
261,@CNN,2018-07-09 15:30:10+00:00,-61,When President Trump unveils his second Supreme Court pick Monday night with the prime-time flourish of a reality s‚Ä¶ https://t.co/FVOelHjUv1,0.5574,0.167,0.0,0.833
262,@CNN,2018-07-09 15:25:09+00:00,-62,President Trump says he remains confident that North Korean leader Kim Jong Un intends to follow through on his bro‚Ä¶ https://t.co/06tjXBzZrp,0.4939,0.138,0.0,0.862
263,@CNN,2018-07-09 15:15:51+00:00,-63,Electric scooters have overtaken the streets in several cities around the world. Now lawmakers are struggling to re‚Ä¶ https://t.co/X1J18tls4G,-0.4215,0.0,0.135,0.865
264,@CNN,2018-07-09 15:04:07+00:00,-64,"The four boys evacuated from a cave in northern Thailand today were in better condition than those rescued Sunday,‚Ä¶ https://t.co/nxy5N6ZZEh",0.6908,0.251,0.0,0.749
265,@CNN,2018-07-09 14:51:00+00:00,-65,The United States attempted to water down a World Health Assembly resolution recognizing the importance of breastfe‚Ä¶ https://t.co/4weqiiyDf1,0.6486,0.261,0.0,0.739
266,@CNN,2018-07-09 14:48:11+00:00,-66,"RT @cnni: UK PM Theresa May addresses House of Commons on Brexit after resignation of two of her ministers: ""We do not agree about the best‚Ä¶",-0.5122,0.0,0.152,0.848
267,@CNN,2018-07-09 14:41:21+00:00,-67,What Trump and African leaders need to know about food security | via @CNNopinion https://t.co/jpSntNnAO7 https://t.co/lKe12ShNEo,0.34,0.146,0.0,0.854
268,@CNN,2018-07-09 14:30:10+00:00,-68,Secretary of State Mike Pompeo has arrived in Afghanistan on an unannounced visit after arriving from his previous‚Ä¶ https://t.co/CbsdPzkeoT,0.0,0.0,0.0,1.0
269,@CNN,2018-07-09 14:23:00+00:00,-69,Starbucks is going strawless. The coffee company announced Monday that it will phase out plastic straws from all of‚Ä¶ https://t.co/Bpfjr4d642,0.0,0.0,0.0,1.0
270,@CNN,2018-07-09 14:13:18+00:00,-70,"JUST IN: Boris Johnson resigns as UK Foreign Secretary amid Brexit turmoil, in a major blow to Prime Minister There‚Ä¶ https://t.co/gITUmaf48i",-0.5859,0.0,0.211,0.789
271,@CNN,2018-07-09 14:06:03+00:00,-71,"Michael Cohen, the President's former fixer and ultimate loyalist, is sending a clear signal to President Trump and‚Ä¶ https://t.co/zRf3CKrX0V",0.6249,0.242,0.0,0.758
272,@CNN,2018-07-09 13:57:00+00:00,-72,A list provided by the government suggests that fewer than half the migrant children younger than 5 years old who h‚Ä¶ https://t.co/7RwFkfeqx2,0.0,0.0,0.0,1.0
273,@CNN,2018-07-09 13:43:57+00:00,-73,"Former White House chief strategist Steve Bannon was confronted by a woman who called him ""a piece of trash"" at a b‚Ä¶ https://t.co/w7AG50mM1D",-0.2023,0.0,0.083,0.917
274,@CNN,2018-07-09 13:31:04+00:00,-74,"Harvey Weinstein, the disgraced Hollywood producer, arrived in a Manhattan court on Monday to be arraigned on three‚Ä¶ https://t.co/886A7yV4Tx",-0.4588,0.0,0.15,0.85
275,@CNN,2018-07-09 13:25:02+00:00,-75,The four boys rescued from the cave in Thailand Monday were wearing full face diving masks and dive suits when carr‚Ä¶ https://t.co/gegoqYODbf,0.4767,0.17,0.0,0.83
276,@CNN,2018-07-09 13:14:42+00:00,-76,A number of US missionary groups are stranded in Haiti after protesters took to the streets following a fuel price‚Ä¶ https://t.co/1CbJSOo2B5,-0.1531,0.064,0.094,0.842
277,@CNN,2018-07-09 13:01:34+00:00,-77,"Thai cave rescue | Here's what we know:

‚Ä¢ 8 boys rescued since Sunday

‚Ä¢ 4 boys and their soccer coach remain insi‚Ä¶ https://t.co/FmmtMBWK7j",0.7269,0.264,0.0,0.736
278,@CNN,2018-07-09 12:52:38+00:00,-78,"The distraught parents of 12 Thai boys, who have been stranded in a cave for weeks with their soccer coach, have no‚Ä¶ https://t.co/QNS2JyRKYD",-0.5574,0.0,0.146,0.854
279,@CNN,2018-07-09 12:42:19+00:00,-79,The Pentagon has identified the soldier killed in an apparent insider attack Saturday in Afghanistan as Army Cpl. J‚Ä¶ https://t.co/1XMy0gwc9k,-0.8225,0.0,0.297,0.703
280,@CNN,2018-07-09 12:32:44+00:00,-80,"5 Things for Monday:

- Thai cave rescue
- UK nerve agent poisoning
- Russia investigation
- Afghanistan attack
- I‚Ä¶ https://t.co/exgGAQaq7S",-0.5574,0.142,0.297,0.56
281,@CNN,2018-07-09 12:12:22+00:00,-81,BREAKING: An 8th boy has been rescued from the Thai cave as operations to free the youth soccer team continues. Fou‚Ä¶ https://t.co/nvrRGlgH9M,0.7269,0.234,0.0,0.766
282,@CNN,2018-07-09 11:57:33+00:00,-82,"BREAKING: The sixth and seventh boys have been rescued from the Thai cave.

A total of three boys have been evacuat‚Ä¶ https://t.co/nqO7BZbv94",0.4215,0.123,0.0,0.877
283,@CNN,2018-07-09 11:29:13+00:00,-83,The United States attempted to water down a World Health Assembly resolution recognizing the importance of breastfe‚Ä¶ https://t.co/ylkSDpJ3tr,0.6486,0.261,0.0,0.739
284,@CNN,2018-07-09 11:13:08+00:00,-84,When President Trump unveils his second Supreme Court pick Monday night with the prime-time flourish of a reality s‚Ä¶ https://t.co/G60Groqf59,0.5574,0.167,0.0,0.833
285,@CNN,2018-07-09 11:00:10+00:00,-85,"RT @NewDay: CNN's @DrSanjayGupta reacts to the fifth of 12 boys being rescued from a Thai cave: ""You hear that the rescues have gone along‚Ä¶",0.6249,0.188,0.0,0.812
286,@CNN,2018-07-09 10:56:24+00:00,-86,Senate Majority Leader Mitch McConnell was followed to his car Saturday by protesters who hurled both personal insu‚Ä¶ https://t.co/ygmh9o0XxO,-0.2263,0.0,0.095,0.905
287,@CNN,2018-07-09 10:52:03+00:00,-87,A beauty queen gave up her title after a skit was performed at the Miss Massachusetts competition that made fun of‚Ä¶ https://t.co/fayxmI1rLv,0.7579,0.276,0.062,0.661
288,@CNN,2018-07-09 10:42:03+00:00,-88,Trump to unveil Supreme Court pick for the ages | Analysis by @StCollinson https://t.co/bvebhOjGZc https://t.co/7HRUPlsZWP,0.5574,0.217,0.0,0.783
289,@CNN,2018-07-09 10:39:05+00:00,-89,"Heat wave leaves 26,500 without power in Los Angeles https://t.co/9j7STkSMDU https://t.co/aZfIn5rHgN",0.0,0.0,0.0,1.0
290,@CNN,2018-07-09 10:28:02+00:00,-90,Some immigrant families are being reunited -- but their troubles are far from over https://t.co/5UHVVFXrCB https://t.co/12mZ1hSJ2K,-0.6124,0.0,0.211,0.789
291,@CNN,2018-07-09 10:23:02+00:00,-91,A number of US missionary groups are stranded in Haiti after protesters took to the streets following a fuel price‚Ä¶ https://t.co/coxwryRuKO,-0.1531,0.064,0.094,0.842
292,@CNN,2018-07-09 10:19:02+00:00,-92,JUST IN: Starbucks is eliminating plastic straws from all stores https://t.co/5J2YduEHeW https://t.co/MMkRRUkfVv,0.0,0.0,0.0,1.0
293,@CNN,2018-07-09 10:10:24+00:00,-93,"BREAKING: A fifth boy has been rescued from a cave in Thailand -- the first after operations resumed on Monday, eye‚Ä¶ https://t.co/G2QiX5oLRy",0.4215,0.128,0.0,0.872
294,@CNN,2018-07-09 10:10:06+00:00,-94,Hundreds strip off in Melbourne for controversial mass nude photos https://t.co/qAoIg1DTE2 via @CNNStyle https://t.co/t12AAAg82s,-0.2023,0.0,0.122,0.878
295,@CNN,2018-07-09 10:09:04+00:00,-95,Los Angeles authorities are asking people to limit their electricity use as thousands remain without power followin‚Ä¶ https://t.co/bmYwP4KWm4,0.0,0.0,0.0,1.0
296,@CNN,2018-07-09 09:58:04+00:00,-96,"Two Reuters journalists have been charged under Myanmar's Official Secrets Act, which carries a maximum penalty of‚Ä¶ https://t.co/sKa3BYVguB",-0.5859,0.0,0.242,0.758
297,@CNN,2018-07-09 09:51:02+00:00,-97,"This architecture practice has set its sights on building an inflatable, 30-ton disco ball in the Nevada desert for‚Ä¶ https://t.co/NIh0KWMZeM",0.0,0.0,0.0,1.0
298,@CNN,2018-07-09 09:44:08+00:00,-98,Monday's attempt to rescue the 8 remaining boys and their soccer coach involves the same divers as Sunday -- with a‚Ä¶ https://t.co/Dy0hzyh1Ek,0.5106,0.142,0.0,0.858
299,@CNN,2018-07-09 09:40:08+00:00,-99,At least 100 people have died in Japan following floods and landslides across the southwest of the country‚Ä¶ https://t.co/lPmP3bF5Jo,-0.5574,0.0,0.167,0.833
300,@FoxNews,2018-07-09 22:09:16+00:00,0,Small boat overturns in Hudson River outside New York City; 2 people rescued. https://t.co/9icoXnVV1N,0.4215,0.189,0.0,0.811
301,@FoxNews,2018-07-09 22:00:30+00:00,-1,"""We've always admired your sense of adventure and imagination...until you jumped onto a moving lawnmower from the j‚Ä¶ https://t.co/LaP3PZ0Dpv",0.6808,0.259,0.0,0.741
302,@FoxNews,2018-07-09 21:48:54+00:00,-2,The Russian Progress spacecraft carrying three tons of supplies to the International Space Station launches from Ka‚Ä¶ https://t.co/MZof11IezB,0.4215,0.141,0.0,0.859
303,@FoxNews,2018-07-09 21:30:11+00:00,-3,".@kimguilfoyle on Mueller investigation: ""There's just a real concern, given the inherent bias that has been demons‚Ä¶ https://t.co/6wWZGhy5ea",-0.1027,0.0,0.08,0.92
304,@FoxNews,2018-07-09 21:24:35+00:00,-4,"Lisa Page to appear on Capitol Hill for closed-door interview with House Judiciary, Oversight Committees https://t.co/KAb3KewWP9",0.0,0.0,0.0,1.0
305,@FoxNews,2018-07-09 21:07:54+00:00,-5,".@seanhannity on #ScotusPick: ""The decision will be made at 9:01:30 ET...At 9:03 ET, the left is going to be in pro‚Ä¶ https://t.co/gdrZbHZikP",0.0,0.0,0.0,1.0
306,@FoxNews,2018-07-09 21:00:11+00:00,-6,Pelosi vows to 'avenge President Obama' in Supreme Court fight https://t.co/xyS2VnGktG,0.25,0.237,0.171,0.592
307,@FoxNews,2018-07-09 20:56:53+00:00,-7,"Jeremy Hunt, Theresa May loyalist, named to replace Boris Johnson as UK foreign secretary https://t.co/lYTOvgp8AS",0.3612,0.152,0.0,0.848
308,@FoxNews,2018-07-09 20:53:06+00:00,-8,.@GOPChairwoman: ‚ÄúI hope the Senate will vote on this quickly and that Democrats will cross the aisle and vote for‚Ä¶ https://t.co/f3zHC4G1wU,0.4404,0.127,0.0,0.873
309,@FoxNews,2018-07-09 20:46:23+00:00,-9,.@GOPChairwoman: ‚ÄúWe do not want this to be the new norm of our democracy.‚Äù @TeamCavuto https://t.co/O7TBstm2Wf,-0.0572,0.0,0.075,0.925
310,@FoxNews,2018-07-09 20:41:04+00:00,-10,Man and child visiting Gatorland get stuck on zipline above alligator pool https://t.co/MclJIqO0xs,-0.25,0.0,0.143,0.857
311,@FoxNews,2018-07-09 20:38:40+00:00,-11,Tom Dupree on President Trump‚Äôs Supreme Court nominee @TeamCavuto https://t.co/RBHaETKCUF https://t.co/3DdnSsTlO3,0.5574,0.265,0.0,0.735
312,@FoxNews,2018-07-09 20:35:30+00:00,-12,'Barbie feet' is the new viral trend taking over Instagram https://t.co/eeeJzMdaAb,0.0,0.0,0.0,1.0
313,@FoxNews,2018-07-09 20:30:00+00:00,-13,"TONIGHT: @POTUS announces his Supreme Court pick. Join @SeanHannity for full coverage at 9p ET, @ingrahamangle at 1‚Ä¶ https://t.co/DGO5F9Kayh",0.7003,0.254,0.0,0.746
314,@FoxNews,2018-07-09 20:10:11+00:00,-14,".@POTUS has chosen his Supreme Court nominee, source says; @johnrobertsFox reports https://t.co/RBHaETKCUF‚Ä¶ https://t.co/VPD2DirCs7",0.5574,0.231,0.0,0.769
315,@FoxNews,2018-07-09 19:59:07+00:00,-15,".@SenateMajLdr McConnell on the Supreme Court nomination battle: ""This far-left rhetoric comes out every single tim‚Ä¶ https://t.co/ucthLn3ovI",0.25,0.17,0.123,0.708
316,@FoxNews,2018-07-09 19:51:20+00:00,-16,".@SenateMajLdr McConnell: ""Tonight, President Trump will announce his nominee to fill the current Supreme Court vac‚Ä¶ https://t.co/T6bpmxucxQ",0.5574,0.184,0.0,0.816
317,@FoxNews,2018-07-09 19:44:03+00:00,-17,.@SenateMajLdr McConnell makes remarks on the Senate floor about potential Supreme Court nominees.‚Ä¶ https://t.co/XQ5NgPQiIs,0.5574,0.217,0.0,0.783
318,@FoxNews,2018-07-09 19:42:00+00:00,-18,OPINION: San Francisco's homeless crisis looks a lot like New York's future. https://t.co/3ehyQQxAn7,-0.3818,0.151,0.247,0.602
319,@FoxNews,2018-07-09 19:40:00+00:00,-19,Immigrants who are in the country legally could soon be able to vote in Boston‚Äôs local elections. https://t.co/YP2EBxj5K3,0.1027,0.076,0.0,0.924
320,@FoxNews,2018-07-09 19:35:35+00:00,-20,Supreme Court shortlister Kavanaugh's role in ObamaCare's survival fiercely debated by conservatives. https://t.co/G7X1IapqjD,0.5574,0.231,0.0,0.769
321,@FoxNews,2018-07-09 19:31:45+00:00,-21,Georgia Republican governor candidate says the state's primary was a race for 'who could be the craziest' https://t.co/aU4o6oN64B,-0.0516,0.0,0.07,0.93
322,@FoxNews,2018-07-09 19:26:07+00:00,-22,.@JohnCornyn makes remarks on the Senate floor about potential Supreme Court nominees. https://t.co/TP7mHRz0qL‚Ä¶ https://t.co/2LJ8uQt1LA,0.5574,0.217,0.0,0.783
323,@FoxNews,2018-07-09 19:25:06+00:00,-23,".@SenSchumer: ""The American people deserve to know what kind of a justice President Trump's nominee would be.""‚Ä¶ https://t.co/94vEEoZ7vM",0.4779,0.163,0.0,0.837
324,@FoxNews,2018-07-09 19:17:50+00:00,-24,"BREAKING NEWS: @POTUS has chosen his Supreme Court nominee, source says. https://t.co/GE9oHG0Khu",0.5574,0.247,0.0,0.753
325,@FoxNews,2018-07-09 19:15:07+00:00,-25,".@SenSchumer: ""Whomever the president selects tonight, if that nominee is from the pre-approved list...everyone oug‚Ä¶ https://t.co/4tkr3ZYPNx",0.0,0.0,0.0,1.0
326,@FoxNews,2018-07-09 19:15:02+00:00,-26,.@SenSchumer makes remarks on the Senate floor about potential Supreme Court nominees. https://t.co/TP7mHRz0qL‚Ä¶ https://t.co/Djub9MgUos,0.5574,0.217,0.0,0.783
327,@FoxNews,2018-07-09 19:07:41+00:00,-27,"Disney cast member killed in 'industrial accident,' reports say. https://t.co/Frvo7M5u0n",-0.6705,0.0,0.333,0.667
328,@FoxNews,2018-07-09 18:58:53+00:00,-28,".@KayColesJames: ""[@POTUS] is focused like a laser beam on U.S. national interest and our security."" @dailybriefing‚Ä¶ https://t.co/Zrh62CumSv",0.7964,0.384,0.0,0.616
329,@FoxNews,2018-07-09 18:40:29+00:00,-29,".@JohnCornyn on #ScotusPick: ""[The left doesn't] care who's going to be nominated...Anybody nominated by President‚Ä¶ https://t.co/UVtmhrBdBV",-0.3875,0.0,0.149,0.851
330,@FoxNews,2018-07-09 18:31:46+00:00,-30,".@JohnCornyn on #ScotusPick: ""I think the thing that we all should want is judges that haven't made up their mind a‚Ä¶ https://t.co/Nnkyca3BXJ",0.0772,0.058,0.0,0.942
331,@FoxNews,2018-07-09 18:22:18+00:00,-31,.@SteveHiltonx: @POTUS Listened to Us Over Scott Pruitt &amp; He Should Do the Same With Wilbur Ross https://t.co/ySlzycFkPm,0.0,0.0,0.0,1.0
332,@FoxNews,2018-07-09 18:08:22+00:00,-32,"TONIGHT: @POTUS announces his Supreme Court pick. Join @SeanHannity for full coverage at 9p ET, @ingrahamangle at 1‚Ä¶ https://t.co/cknsZ4CQfQ",0.7003,0.254,0.0,0.746
333,@FoxNews,2018-07-09 18:02:21+00:00,-33,"Fireball flies across Midwest skies Sunday, leaves 'brilliant green light' https://t.co/EmWNk9TJTg",0.5859,0.275,0.0,0.725
334,@FoxNews,2018-07-09 17:52:59+00:00,-34,Never-before-seen Cold War videos declassified https://t.co/9E5OaMKPzk,-0.5994,0.0,0.438,0.562
335,@FoxNews,2018-07-09 17:49:25+00:00,-35,'Always a Marine': Chief of Staff John Kelly Untangles American Flag at Trump Golf Course https://t.co/eUzvYuc0Uy,0.0,0.0,0.0,1.0
336,@FoxNews,2018-07-09 17:45:36+00:00,-36,More countries following @POTUS in moving Israel embassy to Jerusalem https://t.co/QuMH6w7i1n,0.0,0.0,0.0,1.0
337,@FoxNews,2018-07-09 17:41:52+00:00,-37,'Unreal' Hate: St. Jude Family Attacked Online After Thanking Eric Trump for Support https://t.co/dLQ13S15vG,-0.6124,0.132,0.328,0.539
338,@FoxNews,2018-07-09 17:36:44+00:00,-38,'Damn Yankees!' star Tab Hunter dead at 86 https://t.co/bvGvefddGI,-0.8718,0.0,0.622,0.378
339,@FoxNews,2018-07-09 17:35:46+00:00,-39,.@jasoninthehouse: ‚ÄúI think Rudy Giuliani is right. There isn‚Äôt any evidence out there of anything wrong.‚Äù‚Ä¶ https://t.co/j5ByDKIssj,0.0,0.0,0.0,1.0
340,@FoxNews,2018-07-09 17:28:17+00:00,-40,.@BretBaier on President Trump‚Äôs Supreme Court nomination announcement #OutnumberedOT https://t.co/kKB2copRnJ,0.5574,0.286,0.0,0.714
341,@FoxNews,2018-07-09 17:26:59+00:00,-41,"Tropical Storm Chris expected to become hurricane, bring dangerous surf while staying off coast https://t.co/GwdWjGXa6X",-0.4767,0.0,0.181,0.819
342,@FoxNews,2018-07-09 17:17:22+00:00,-42,Former Ohio State coaches defend Rep. Jim Jordan against claims he ignored sexual abuse https://t.co/oenYjqRxaJ,-0.7579,0.0,0.333,0.667
343,@FoxNews,2018-07-09 17:13:43+00:00,-43,.@OrrinHatch: ‚ÄúThe people that he's suggested are really outstanding people.‚Äù #OutnumberedOT https://t.co/05Idf5uTrG,0.6478,0.281,0.0,0.719
344,@FoxNews,2018-07-09 16:58:40+00:00,-44,Trump's Supreme Court pick needs Senate approval: A look at the confirmation process https://t.co/f381zYBl6t,0.7717,0.379,0.0,0.621
345,@FoxNews,2018-07-09 16:54:41+00:00,-45,Royal family gathers for christening of Prince Louis https://t.co/yIaqMxQmPq,0.0,0.0,0.0,1.0
346,@FoxNews,2018-07-09 16:49:34+00:00,-46,"2 dead after California train, car crash that was caught on camera https://t.co/ikXsofMV6l",-0.7906,0.0,0.412,0.588
347,@FoxNews,2018-07-09 16:42:16+00:00,-47,"Prince William and Kate, Duchess of Cambridge, with their children as they arrive for Prince Louis' christening ser‚Ä¶ https://t.co/XwoAslFIC0",0.0,0.0,0.0,1.0
348,@FoxNews,2018-07-09 16:38:05+00:00,-48,Thai cave rescue timeline: The dangerous race to bring trapped soccer team home https://t.co/k7zCZgQz07,-0.4939,0.159,0.312,0.529
349,@FoxNews,2018-07-09 16:31:56+00:00,-49,"Andrew McCarthy: ""What we want, at least on the conservative side, is a judge who recognizes that the law is a refl‚Ä¶ https://t.co/66uIJQmtdR",0.0772,0.061,0.0,0.939
350,@FoxNews,2018-07-09 16:24:03+00:00,-50,.@POTUS suggests China meddling in North Korea talks amid trade tensions with US https://t.co/b7UUTlBAEz,-0.4019,0.0,0.172,0.828
351,@FoxNews,2018-07-09 16:20:00+00:00,-51,"Indian students hold candles and pray for the 12 boys and their soccer coach who have been trapped since June 23, i‚Ä¶ https://t.co/xdHTDvzVyA",-0.2732,0.086,0.127,0.787
352,@FoxNews,2018-07-09 16:16:40+00:00,-52,Massive alligator captured in Florida park: 'This may be the largest gator we've ever responded to' https://t.co/vAtsA9UuBZ,0.0,0.0,0.0,1.0
353,@FoxNews,2018-07-09 16:11:46+00:00,-53,.@SenJohnKennedy: ‚ÄúThe purpose of the U.S. Supreme Court is to interpret the law.‚Äù https://t.co/kAX13KtJT8,0.5574,0.217,0.0,0.783
354,@FoxNews,2018-07-09 16:09:23+00:00,-54,"ISIS 'capital' captured in Afghanistan, over 160 fighters killed by US, Afghan troops https://t.co/6SOZtwusZF",-0.6908,0.0,0.322,0.678
355,@FoxNews,2018-07-09 16:05:00+00:00,-55,"Indian students hold candles and pray for the 12 boys and their soccer coach who have been trapped since June 23, i‚Ä¶ https://t.co/LcsTgjNcrZ",-0.2732,0.086,0.127,0.787
356,@FoxNews,2018-07-09 15:51:17+00:00,-56,"Indian students hold candles and pray for the 12 boys and their soccer coach who have been trapped since June 23, i‚Ä¶ https://t.co/SJ7eOpCN4w",-0.2732,0.086,0.127,0.787
357,@FoxNews,2018-07-09 15:45:22+00:00,-57,John Sununu: ‚ÄúThe one thing that is predictable about the president is that he is unpredictable in what he is going‚Ä¶ https://t.co/Y4lHY2dORs,0.0,0.0,0.0,1.0
358,@FoxNews,2018-07-09 15:43:38+00:00,-58,"John Sununu: ""This is a president that has moved his NATO allies to begin to make the contributions they are commit‚Ä¶ https://t.co/ajI3s482Hi",0.0,0.0,0.0,1.0
359,@FoxNews,2018-07-09 15:37:44+00:00,-59,Michigan State football player puts 'goals over dreams' in joining @USAirForce #ProudAmerican https://t.co/ScQwU9hZsu,0.4019,0.184,0.0,0.816
360,@FoxNews,2018-07-09 15:27:45+00:00,-60,"RT @FoxBusiness: Trump administration freezes payments under 'ObamaCare' program
https://t.co/AW86Ziq986",-0.0258,0.0,0.109,0.891
361,@FoxNews,2018-07-09 15:27:34+00:00,-61,"RT @FoxBusiness: US working with German automakers to lower tariffs on vehicles: Ambassador Grenell 
https://t.co/SSdOdQUhEr",-0.296,0.0,0.136,0.864
362,@FoxNews,2018-07-09 15:27:21+00:00,-62,RT @FoxBusiness: .@Starbucks is officially going strawless https://t.co/RKfeCrY8Yy,0.0,0.0,0.0,1.0
363,@FoxNews,2018-07-09 15:17:01+00:00,-63,RT @FoxNewsResearch: The four floated names for Kennedy's Supreme Court vacancy are all federal appellate judges who were on a list of 25 p‚Ä¶,0.5574,0.141,0.0,0.859
364,@FoxNews,2018-07-09 15:16:13+00:00,-64,OPINION: America needs young people who are fit and willing to serve -- how can we inspire more of them? (via‚Ä¶ https://t.co/kgXnI7dxK3,0.7351,0.237,0.0,0.763
365,@FoxNews,2018-07-09 15:11:47+00:00,-65,Mom meets her baby for first time after she went into septic shock during labor https://t.co/6t4A5yYsz1,-0.3818,0.0,0.148,0.852
366,@FoxNews,2018-07-09 15:09:40+00:00,-66,.@TheJuanWilliams on @POTUS‚Äôs Supreme Court nominee announcement @AmericaNewsroom https://t.co/A2wgsfYfoP,0.5574,0.31,0.0,0.69
367,@FoxNews,2018-07-09 15:01:15+00:00,-67,"Thai soccer coach, 25-year-old former Buddhist monk, hailed 'hero' for keeping boys alive https://t.co/qFB5j0sOYv",0.5423,0.273,0.0,0.727
368,@FoxNews,2018-07-09 14:57:58+00:00,-68,"Texas man, 25, who allegedly posed as high school student accused of relationship with teen, police say https://t.co/eKMU18ToWe",-0.296,0.0,0.115,0.885
369,@FoxNews,2018-07-09 14:55:31+00:00,-69,"Leonard Leo: ""For a judge to be fair, it‚Äôs not about their own personal views or their cultural or social backgroun‚Ä¶ https://t.co/QSo0zTitvl",0.3182,0.103,0.0,0.897
370,@FoxNews,2018-07-09 14:47:31+00:00,-70,Leonard Leo: ‚ÄúThis is a president who ran on the Supreme Court issue more than any other presidential candidate.‚Äù‚Ä¶ https://t.co/BhlRdyw3ef,0.5574,0.167,0.0,0.833
371,@FoxNews,2018-07-09 14:43:45+00:00,-71,TONIGHT: @POTUS announces his Supreme Court pick at 9p ET. Watch full coverage on Fox News Channel! https://t.co/tEl9kwvolU,0.5983,0.186,0.0,0.814
372,@FoxNews,2018-07-09 14:38:53+00:00,-72,Leonard Leo: ‚ÄúI‚Äôve never seen a president work harder and reach out more broadly than this one to really make sure‚Ä¶ https://t.co/mBzBmro0uE,0.0258,0.052,0.0,0.948
373,@FoxNews,2018-07-09 14:30:42+00:00,-73,.@judgenap Believes @POTUS Has Narrowed SCOTUS Choice to Two Candidates https://t.co/16AjUmxN5g,0.0,0.0,0.0,1.0
374,@FoxNews,2018-07-09 14:16:45+00:00,-74,"JUST IN: Boris Johnson, UK's foreign secretary, resigns https://t.co/VsVMGAnnDU https://t.co/MXxhd4Z29G",-0.3182,0.0,0.204,0.796
375,@FoxNews,2018-07-09 13:43:48+00:00,-75,Breaking News: Thai rescuers pause operation to save remaining members of soccer team trapped in cave https://t.co/YFz7V9BGh0,-0.0516,0.148,0.157,0.694
376,@FoxNews,2018-07-09 13:38:59+00:00,-76,"JUST IN: Tab Hunter, 'Damn Yankees!' actor and gay icon, dead at 86 https://t.co/bvGvefddGI https://t.co/Aa6QbtccP7",-0.8718,0.0,0.452,0.548
377,@FoxNews,2018-07-09 13:23:54+00:00,-77,GOP congressional candidate builds actual wall in campaign ad https://t.co/zpezZq1ko8,0.0,0.0,0.0,1.0
378,@FoxNews,2018-07-09 13:19:47+00:00,-78,Michigan State football star to join US Air Force https://t.co/npiSBGTNxd https://t.co/DqiHcnlYsw,0.296,0.18,0.0,0.82
379,@FoxNews,2018-07-09 13:14:04+00:00,-79,"JUST IN: Eight boys now freed from Thai cave, official says https://t.co/qXIGmdI89X",0.4019,0.197,0.0,0.803
380,@FoxNews,2018-07-09 12:59:47+00:00,-80,Rudy Giuliani: ‚ÄúThey are investigating an innocent man.‚Äù https://t.co/tcPIHNSSX8,0.34,0.231,0.0,0.769
381,@FoxNews,2018-07-09 12:54:06+00:00,-81,Rudy Giuliani: ‚ÄúIf they had some narrow questions about collusion‚Ä¶ we would be happy to give them the answers to th‚Ä¶ https://t.co/yZNyL7ur7G,0.5719,0.15,0.0,0.85
382,@FoxNews,2018-07-09 12:50:54+00:00,-82,"Rudy Giuliani: ‚ÄúThey haven‚Äôt come up with a scintilla of evidence, no facts, that the president had anything to do‚Ä¶ https://t.co/Qo8MBh1L8b",-0.296,0.0,0.104,0.896
383,@FoxNews,2018-07-09 12:45:04+00:00,-83,.@POTUS to Announce SCOTUS Nominee Tonight https://t.co/DzNR1tfRqt,0.0,0.0,0.0,1.0
384,@FoxNews,2018-07-09 12:38:48+00:00,-84,Suspected drunk driver tried to light cigarette with his burning car https://t.co/fWcM7QUSf3,-0.5106,0.0,0.301,0.699
385,@FoxNews,2018-07-09 12:11:06+00:00,-85,"JUST IN: Seven boys now rescued from Thai cave, report says https://t.co/qXIGmdI89X",0.4215,0.203,0.0,0.797
386,@FoxNews,2018-07-09 11:49:22+00:00,-86,Kim Kardashian visits inmates at California women's prison: report https://t.co/01YdZPhB3S,-0.5106,0.0,0.268,0.732
387,@FoxNews,2018-07-09 11:34:15+00:00,-87,Jake Zweig: ‚ÄúThere‚Äôs not a whole lot I‚Äôm worried about at this point‚Ä¶ I know that they‚Äôre laser-focused in their mi‚Ä¶ https://t.co/vj3lkp0q0z,-0.296,0.0,0.104,0.896
388,@FoxNews,2018-07-09 11:07:29+00:00,-88,U.S Embassy in Haiti warns Americans to 'shelter in place' as violent protests escalate https://t.co/VDtl8fkB8m,-0.7351,0.0,0.375,0.625
389,@FoxNews,2018-07-09 10:58:07+00:00,-89,.@AlvedaCKing: ‚ÄúWe must treat every student‚Ä¶ as a human being and we must not discriminate.‚Äù https://t.co/PzUIvEto9S,0.4019,0.162,0.0,0.838
390,@FoxNews,2018-07-09 10:49:31+00:00,-90,Chinese media decries US' 'psychological games' as Navy ships sail Taiwan Strait passage https://t.co/U6BGqRA0rp,0.0,0.0,0.0,1.0
391,@FoxNews,2018-07-09 10:36:28+00:00,-91,.@dbongino: ‚ÄúThis is just an incredible operation. Unbelievable bravery here.‚Äù https://t.co/YhWq17lEsa https://t.co/aWUxHzX7hj,0.6124,0.333,0.0,0.667
392,@FoxNews,2018-07-09 10:28:21+00:00,-92,"JUST IN: Thai workers rescue 5th boy trapped in cave, Sky News reports https://t.co/qXIGmdI89X",-0.0258,0.176,0.182,0.642
393,@FoxNews,2018-07-09 10:13:15+00:00,-93,"UK woman poisoned by same nerve agent as Russian spy dies, police say https://t.co/jHSBtmA3GL",-0.4939,0.0,0.198,0.802
394,@FoxNews,2018-07-09 10:02:17+00:00,-94,OPINION: Trump and Mexico‚Äôs next president can build the wall -- Together https://t.co/IlABBRlJQf,0.0,0.0,0.0,1.0
395,@FoxNews,2018-07-09 09:51:06+00:00,-95,"Antjuan Seawright: ‚ÄúI seriously doubt that Secretary Clinton will make another run for president in 2020. However,‚Ä¶ https://t.co/QMgNxjS9DC",-0.4939,0.0,0.208,0.792
396,@FoxNews,2018-07-09 09:45:54+00:00,-96,Countries Expected to Meet NATO Defense Spending Requirement https://t.co/uWdvYE1fzb,0.128,0.158,0.0,0.842
397,@FoxNews,2018-07-09 09:42:36+00:00,-97,California man proposes again with rings found in ashes of destroyed home https://t.co/9NWmBf4QMN,-0.4939,0.0,0.211,0.789
398,@FoxNews,2018-07-09 09:37:26+00:00,-98,US soldier killed in 'apparent insider attack' in Afghanistan ID'd https://t.co/xkn7qNX1pL,-0.8225,0.0,0.458,0.542
399,@FoxNews,2018-07-09 09:35:22+00:00,-99,Potential SCOTUS Nominees https://t.co/H7CEPeBoEC,0.0,0.0,0.0,1.0
400,@NYTimes,2018-07-09 22:02:03+00:00,0,A utility company cut off power to the home of a woman who used an oxygen tank to breathe. She died 6 hours later. https://t.co/GcsXiNmbYy,-0.6908,0.0,0.222,0.778
401,@NYTimes,2018-07-09 21:46:06+00:00,-1,Here's what to watch for ahead of Trump's Supreme Court nominee announcement https://t.co/UJHUps8IGV,0.5574,0.231,0.0,0.769
402,@NYTimes,2018-07-09 21:31:07+00:00,-2,"RT @readercenter: We invited readers to share their own stories of abortion. More than 1,300 responded from over 30 countries around the wo‚Ä¶",0.296,0.091,0.0,0.909
403,@NYTimes,2018-07-09 21:16:01+00:00,-3,Uber‚Äôs recent investment in motorized scooter company Lime is its latest move to become a destination for all thing‚Ä¶ https://t.co/VKVhVdUose,0.0,0.0,0.0,1.0
404,@NYTimes,2018-07-09 21:01:07+00:00,-4,"In Opinion,

‚ÄúPresident Trump‚Äôs contention, that women need access to formula because of malnutrition, defies both‚Ä¶ https://t.co/isBch2OTlR",0.0,0.0,0.0,1.0
405,@NYTimes,2018-07-09 20:46:04+00:00,-5,Fact check: Trump repeated his criticism that other NATO countries spend less than their fair share of the cost of‚Ä¶ https://t.co/k0ZKQquAqC,0.0865,0.169,0.115,0.716
406,@NYTimes,2018-07-09 20:31:05+00:00,-6,RT @tmagazine: T‚Äôs Best Photographs From Couture Week https://t.co/AlVZAvRn0Q https://t.co/wMqpWFuUss,0.6369,0.318,0.0,0.682
407,@NYTimes,2018-07-09 20:16:02+00:00,-7,Think about making a double batch of this hummus. It goes quickly. https://t.co/RiaxpLPRhZ,0.0,0.0,0.0,1.0
408,@NYTimes,2018-07-09 20:01:04+00:00,-8,"Washington is known more for power politics than humanitarian works, but one refugee turned St. Regis Hotel bartend‚Ä¶ https://t.co/vzNybmQUan",0.0,0.0,0.0,1.0
409,@NYTimes,2018-07-09 19:49:41+00:00,-9,RT @nkulish: The Costs Human Smuggling: How desperate must you be to pay someone thousands of dollars to lock you in a compartment like thi‚Ä¶,-0.5106,0.085,0.232,0.683
410,@NYTimes,2018-07-09 19:31:04+00:00,-10,"A harmful algae bloom has covered 90 percent of Lake Okeechobee, Florida's largest freshwater lake https://t.co/WekTDVQ0O2",0.0,0.0,0.0,1.0
411,@NYTimes,2018-07-09 19:16:06+00:00,-11,HBO has long favored quality over quantity. That may be changing. https://t.co/k2zTIeHfEH,0.4215,0.203,0.0,0.797
412,@NYTimes,2018-07-09 19:01:05+00:00,-12,"‚ÄúYou control face recognition,‚Äù Facebook tells users. Critics say that's not actually the case. https://t.co/j5rB6gWauo",-0.296,0.0,0.136,0.864
413,@NYTimes,2018-07-09 18:52:18+00:00,-13,"RT @maggieNYT: Trump‚Äôs chosen, per people briefed. Now all they need is a name.  https://t.co/sTzsby4urn",0.0,0.0,0.0,1.0
414,@NYTimes,2018-07-09 18:46:04+00:00,-14,Trump is set to announce his Supreme Court nominee to replace the retiring Justice Anthony Kennedy at 9 p.m. ET. He‚Ä¶ https://t.co/RaicGxdi6k,0.7906,0.269,0.0,0.731
415,@NYTimes,2018-07-09 18:33:05+00:00,-15,"RT @sarahlyall: Boris Johnson: Same as he ever was, only more so, his future written in his past. Here's my piece from two years ago.  http‚Ä¶",0.0,0.0,0.0,1.0
416,@NYTimes,2018-07-09 18:16:01+00:00,-16,Protesters across Britain are playing a cat-and-mouse game with Trump during his visit. Campaign groups have a pack‚Ä¶ https://t.co/Qp7tbOkvje,-0.0258,0.096,0.102,0.802
417,@NYTimes,2018-07-09 18:01:07+00:00,-17,Did you download your Facebook or Google data and uncover something unexpected about yourself? We want to hear from‚Ä¶ https://t.co/DXdchecwqb,0.0772,0.064,0.0,0.936
418,@NYTimes,2018-07-09 17:46:05+00:00,-18,A judge denied a request to place Harvey Weinstein under house arrest in light of new charges that carry a penalty‚Ä¶ https://t.co/rUjrUz4KjV,-0.7506,0.0,0.316,0.684
419,@NYTimes,2018-07-09 17:32:42+00:00,-19,"RT @NYTObits: Tab Hunter, who as a teenage idol in the 1950s was one of the last products of the Hollywood studio system, has died https://‚Ä¶",-0.5574,0.0,0.13,0.87
420,@NYTimes,2018-07-09 17:16:03+00:00,-20,"Most migrant children under the age of 5 won't be reunited with their parents by the court-imposed deadline, the AC‚Ä¶ https://t.co/dCCaGz3fFj",0.0,0.0,0.0,1.0
421,@NYTimes,2018-07-09 17:01:07+00:00,-21,"The family of James Byrd Jr., a Texas man dragged to his death 20 years ago, is working to preserve the memory of a‚Ä¶ https://t.co/DqsJ8tJsHc",-0.6249,0.0,0.188,0.812
422,@NYTimes,2018-07-09 16:46:05+00:00,-22,"In Opinion, @CharlesMBlow writes: 

""I can smell Donald Trump‚Äôs fear from here. His panic. His anxiety. And yet, I‚Ä¶ https://t.co/5SnUcrVl8Q",-0.802,0.0,0.325,0.675
423,@NYTimes,2018-07-09 16:31:07+00:00,-23,"RT @sarahlyall: The absurd inevitability of the World Cup press conference. (Bonus: read about the time Bob Bradley, then the U.S. coach, w‚Ä¶",0.0,0.0,0.0,1.0
424,@NYTimes,2018-07-09 16:16:03+00:00,-24,The population of orca whales off the coast of Washington State is at a 30-year-low. The orcas are essentially star‚Ä¶ https://t.co/OGuH659uKg,0.0,0.0,0.0,1.0
425,@NYTimes,2018-07-09 16:01:03+00:00,-25,"Both parties face uncertainty in the House, where neither is sure of its leadership and no one knows who will be in‚Ä¶ https://t.co/FVB8VFwciW",-0.4333,0.096,0.232,0.672
426,@NYTimes,2018-07-09 15:46:01+00:00,-26,"Trump appears to be going back and forth between two candidates, Judge Kavanaugh and Judge Hardiman, for the seat o‚Ä¶ https://t.co/HwTETlVFWV",0.0,0.0,0.0,1.0
427,@NYTimes,2018-07-09 15:31:03+00:00,-27,A review found that Nissan workers falsified emissions tests. It's the latest blow for one of Japan‚Äôs biggest autom‚Ä¶ https://t.co/dbOmmq3rL7,-0.3818,0.0,0.126,0.874
428,@NYTimes,2018-07-09 15:16:03+00:00,-28,"Everything is a co-working space these days. And that includes restaurants, at least before dinner. https://t.co/2DbPbjjxBZ",0.0,0.0,0.0,1.0
429,@NYTimes,2018-07-09 15:01:07+00:00,-29,Beijing is embracing technologies like facial recognition and artificial intelligence to identify and track 1.4 bil‚Ä¶ https://t.co/1AeT5Cby22,0.6808,0.272,0.0,0.728
430,@NYTimes,2018-07-09 14:47:22+00:00,-30,"RT @TimHerrera: Yet again, your brain is working against you: This is why we‚Äôre programmed to tackle small, unimportant tasks instead of fa‚Ä¶",-0.3182,0.0,0.095,0.905
431,@NYTimes,2018-07-09 14:31:05+00:00,-31,"Flood survivors in Japan are digging out of the wreckage. More than 100 people have died.
https://t.co/MF15lLNmno",-0.5574,0.0,0.184,0.816
432,@NYTimes,2018-07-09 14:29:52+00:00,-32,A white manager of a Memphis apartment complex was fired after she called the police on a black man wearing socks i‚Ä¶ https://t.co/VaO1e2lSYr,-0.5574,0.0,0.159,0.841
433,@NYTimes,2018-07-09 14:17:47+00:00,-33,"Breaking News: A split over Brexit shook Britain‚Äôs cabinet as Boris Johnson, the foreign secretary and Brexit hard-‚Ä¶ https://t.co/uq6GItApdP",-0.1027,0.0,0.076,0.924
434,@NYTimes,2018-07-09 14:03:19+00:00,-34,Breaking News: Four more people were rescued from the flooded Thai cave complex. A total of 8 were out as the secon‚Ä¶ https://t.co/RPalKthRyM,0.4703,0.133,0.0,0.867
435,@NYTimes,2018-07-09 13:46:05+00:00,-35,Morning Briefing: Here's what you need to know to start your day https://t.co/2rMS1PYBmU,0.0,0.0,0.0,1.0
436,@NYTimes,2018-07-09 13:34:06+00:00,-36,"RT @NYTSports: Nine players competing on so-called Manic Monday at Wimbledon, which features all 16 fourth-round singles matches, are unsee‚Ä¶",0.0,0.0,0.0,1.0
437,@NYTimes,2018-07-09 13:16:03+00:00,-37,NATO summit meetings were once ritualistic events. They've have become anxiety-producing confrontations where the m‚Ä¶ https://t.co/HTqqcrwpmH,-0.3612,0.0,0.143,0.857
438,@NYTimes,2018-07-09 13:02:03+00:00,-38,Two jailed Reuters reporters will be put on trial in Myanmar. The decision is seen as a setback for free speech. https://t.co/pdd7nclfuN,0.0258,0.129,0.125,0.745
439,@NYTimes,2018-07-09 12:52:53+00:00,-39,"Maps: Rescuers must navigate narrow, flooded passages with few air pockets to save 12 boys and their soccer coach 
https://t.co/Uvzwy2DlVf",0.4939,0.144,0.0,0.856
440,@NYTimes,2018-07-09 12:46:03+00:00,-40,More boys are being rescued from the Thai cave network. Live updates: https://t.co/nyNd26swSo,0.4215,0.189,0.0,0.811
441,@NYTimes,2018-07-09 12:32:35+00:00,-41,Trump is scheduled to announce his pick for a new Supreme Court justice at 9 p.m. ET. Here‚Äôs a look at the top cand‚Ä¶ https://t.co/0m7rSgy7VQ,0.8316,0.317,0.0,0.683
442,@NYTimes,2018-07-09 12:16:31+00:00,-42,Morning Briefing: Here's what you need to know to start your day https://t.co/ZwOYs9XTng,0.0,0.0,0.0,1.0
443,@NYTimes,2018-07-09 12:04:41+00:00,-43,"On StockX, sneakers, streetwear, handbags and watches are assigned ticker symbols. Sellers put out asking prices, a‚Ä¶ https://t.co/9zTAPAcLDj",0.0,0.0,0.0,1.0
444,@NYTimes,2018-07-09 11:46:18+00:00,-44,"RT @nytimestravel: 36 Hours in Tbilisi: With chaotic yet charming cobblestone streets, bathhouses steaming with sulfuric waters, and crumbl‚Ä¶",0.1531,0.158,0.133,0.708
445,@NYTimes,2018-07-09 11:28:36+00:00,-45,A judge in Brazil ruled that former President Luiz In√°cio Lula da Silva be released from prison while he continues‚Ä¶ https://t.co/dftHtMnR67,-0.5106,0.0,0.148,0.852
446,@NYTimes,2018-07-09 11:10:27+00:00,-46,"Amid Japan‚Äôs Flood Devastation, Survivors Dig Out https://t.co/O2nCbkfxK6",-0.4215,0.0,0.286,0.714
447,@NYTimes,2018-07-09 11:08:01+00:00,-47,"RT @nytimesbusiness: Sports teams, leagues and casinos are all looking for ways to cash in on legalized sports betting. Yet the biggest win‚Ä¶",0.0,0.0,0.0,1.0
448,@NYTimes,2018-07-09 10:51:22+00:00,-48,"In her new staging of T. S. Eliot‚Äôs poems ‚ÄúFour Quartets,‚Äù the choreographer Pam Tanowitz has created dance theater‚Ä¶ https://t.co/h1TVsIWNye",0.25,0.095,0.0,0.905
449,@NYTimes,2018-07-09 10:33:49+00:00,-49,Deporting the American Dream https://t.co/pDKilynzio,0.25,0.333,0.0,0.667
450,@NYTimes,2018-07-09 10:33:40+00:00,-50,"For many Egyptians, the price of a career in belly dance can be too high because of the stigma. But foreigners here‚Ä¶ https://t.co/WW7EQ23j0m",0.0,0.0,0.0,1.0
451,@NYTimes,2018-07-09 10:16:50+00:00,-51,Bites: A Pittsburgh Area Restaurant That Trades Fussy for Fun https://t.co/9TYM4BaT1G,0.5106,0.268,0.0,0.732
452,@NYTimes,2018-07-09 10:14:49+00:00,-52,"A resolution to encourage breast-feeding was expected to be approved quickly and easily. Then the U.S.  delegation,‚Ä¶ https://t.co/7tMXqL7c40",0.8176,0.378,0.0,0.622
453,@NYTimes,2018-07-09 09:58:03+00:00,-53,Tom Wolfe had a lesser-known passion: drawing caricatures and cartoons with the same sarcastic wit that came throug‚Ä¶ https://t.co/PkEEPuEm9v,0.25,0.143,0.095,0.762
454,@NYTimes,2018-07-09 09:40:11+00:00,-54,Japanese officials pleaded with millions of people to evacuate as landslides and floods battered the country https://t.co/flcqVLyrQP,0.0,0.0,0.0,1.0
455,@NYTimes,2018-07-09 09:23:31+00:00,-55,Tech tools are far more efficient at keeping your plans organized and easily accessible https://t.co/QEPgzNFmq6,0.6697,0.297,0.0,0.703
456,@NYTimes,2018-07-09 09:06:18+00:00,-56,Do You Like ‚ÄòDogs Playing Poker‚Äô? Science Would Like to Know Why https://t.co/fDj3QMKgwR,0.7003,0.405,0.0,0.595
457,@NYTimes,2018-07-09 09:03:22+00:00,-57,"RT @nytimesworld: A new rescue run is underway at the cave in Thailand, and more boys are on their way out, the search chief said Monday af‚Ä¶",0.5106,0.117,0.0,0.883
458,@NYTimes,2018-07-09 08:51:34+00:00,-58,"Once a rising teen pop star herself, Teddy Geiger turned away from the spotlight, retreating to the basements and s‚Ä¶ https://t.co/yfYxA03Nbo",0.0,0.0,0.0,1.0
459,@NYTimes,2018-07-09 08:33:28+00:00,-59,"Thailand Cave Rescue Live Updates: Rescued Boys Stable, and Rains Ease https://t.co/5lDppdbeJW",0.8689,0.574,0.0,0.426
460,@NYTimes,2018-07-09 08:25:24+00:00,-60,Don't be a bridezilla. Here are a few ways to help your bridesmaids save money. https://t.co/m1G4GI1lJV,0.7096,0.33,0.0,0.67
461,@NYTimes,2018-07-09 08:08:43+00:00,-61,"‚ÄúThere were no support groups for people like me or any progressive, sympathetic op-ed pieces about the practice of‚Ä¶ https://t.co/QfRTiz3pFq",0.743,0.318,0.082,0.599
462,@NYTimes,2018-07-09 07:51:06+00:00,-62,"David Davis, U.K. Brexit Negotiator, Resigns https://t.co/nJnhi2NvqQ",-0.3182,0.0,0.277,0.723
463,@NYTimes,2018-07-09 07:45:26+00:00,-63,"RT @NYTFashion: In Paris, Saudi Arabia‚Äôs first couture model arrives on the runway https://t.co/BLyFB2j4a8",0.0,0.0,0.0,1.0
464,@NYTimes,2018-07-09 07:29:05+00:00,-64,The Bizarre Theater of the World Cup Press Conference https://t.co/kQ6ceg3lq0,-0.3182,0.0,0.204,0.796
465,@NYTimes,2018-07-09 07:20:36+00:00,-65,"Think Airbnb, but with hotel standards https://t.co/1FWjTBZOgV",0.0,0.0,0.0,1.0
466,@NYTimes,2018-07-09 07:04:13+00:00,-66,Why Your Brain Tricks You Into Doing Less Important Tasks https://t.co/mk5KO09UtR,0.0018,0.126,0.125,0.75
467,@NYTimes,2018-07-09 06:52:34+00:00,-67,Case Against Reuters Journalists in Myanmar Moves to Trial https://t.co/z7gLC40X4l,0.0,0.0,0.0,1.0
468,@NYTimes,2018-07-09 06:52:14+00:00,-68,RT @nytimesmusic: ‚ÄúShe‚Äôs not allowed to say ‚Äòcash me outside.‚Äô ‚ÄâNo one on my team is allowed to use those words ever.‚Äù https://t.co/GLXYCWN‚Ä¶,-0.296,0.0,0.091,0.909
469,@NYTimes,2018-07-09 06:35:06+00:00,-69,3 social media stars who made a living traveling the world and chronicling their experiences online died last week‚Ä¶ https://t.co/RTsEYrQvAO,-0.5574,0.0,0.175,0.825
470,@NYTimes,2018-07-09 06:18:19+00:00,-70,"As Canada prepares for legal pot, a financial boom not seen since the dot-com mania of the late 1990s has overtaken‚Ä¶ https://t.co/WXTpHf5d6w",0.128,0.07,0.0,0.93
471,@NYTimes,2018-07-09 06:01:28+00:00,-71,"‚ÄúIf you are waiting for the World Cup to make decisions, you‚Äôre not doing your work well enough,‚Äù one recruiter said https://t.co/jXPWrW09By",0.2732,0.091,0.0,0.909
472,@NYTimes,2018-07-09 05:44:27+00:00,-72,"""My sibling, who is my only living relative, is currently incarcerated. ... Am I ethically obligated to provide for‚Ä¶ https://t.co/cQag81ICoP",0.0,0.0,0.0,1.0
473,@NYTimes,2018-07-09 05:28:02+00:00,-73,"RT @juliehdavis: ‚ÄúIf you can‚Äôt agree on health multilateralism, what kind of multilateralism can you agree on?‚Äù US officials stun UN health‚Ä¶",0.6124,0.2,0.0,0.8
474,@NYTimes,2018-07-09 05:11:56+00:00,-74,"Coffee may help you live longer, but it‚Äôs not because of the caffeine https://t.co/6OcWBXDHbw",0.2144,0.125,0.0,0.875
475,@NYTimes,2018-07-09 04:54:19+00:00,-75,"The mayor of Lancaster, Pennsylvania, said that the officer who fired the Taser at the unarmed man had complied wit‚Ä¶ https://t.co/a9kUdT9YZf",-0.5574,0.0,0.153,0.847
476,@NYTimes,2018-07-09 04:37:59+00:00,-76,Working as a flight attendant may increase the risk for cancer https://t.co/ocHh68piEh,-0.6369,0.137,0.387,0.476
477,@NYTimes,2018-07-09 04:21:34+00:00,-77,"A downside to fame in the social media age: a flood of bogus celebrity accounts that spread lies, pledge love and d‚Ä¶ https://t.co/OcLsh2AdSd",0.5106,0.246,0.166,0.588
478,@NYTimes,2018-07-09 04:04:15+00:00,-78,Several large hotel chains are now trying to compete with Airbnb https://t.co/DpYUZD2rzd,0.0,0.0,0.0,1.0
479,@NYTimes,2018-07-09 03:47:56+00:00,-79,"""I look forward to the day when women ‚Äî single, married and otherwise ‚Äî no longer need the words 'husband' and 'bab‚Ä¶ https://t.co/wDwSAW0zfD",-0.296,0.0,0.099,0.901
480,@NYTimes,2018-07-09 03:31:41+00:00,-80,‚ÄúHumans are not so different from birds as you may think‚Äù https://t.co/B3b6RQsSAS,0.0,0.0,0.0,1.0
481,@NYTimes,2018-07-09 03:13:17+00:00,-81,Men are not the only ones texting pictures of their private parts https://t.co/q6yzu5OmDE,0.0,0.0,0.0,1.0
482,@NYTimes,2018-07-09 02:55:05+00:00,-82,Sharp Objects: ‚ÄòSharp Objects‚Äô: Jean-Marc Vall√©e on the Series Premiere and Underdog Storytelling https://t.co/iQ9fFp3z0H,0.0,0.0,0.0,1.0
483,@NYTimes,2018-07-09 02:51:12+00:00,-83,"First comes love, then comes ‚Ä¶ prenup? üí∏ https://t.co/cp5B1IRsR2",0.6369,0.412,0.0,0.588
484,@NYTimes,2018-07-09 02:33:00+00:00,-84,"Sorry, Power-Lunchers. These Tables Are Reserved for Drop-In Workers. https://t.co/O4aSTOUsDX",-0.0772,0.0,0.126,0.874
485,@NYTimes,2018-07-09 02:17:27+00:00,-85,"Tired of running on blacktop and sidewalks, especially as the summer sun beats down? @byJenAMiller has an idea: try‚Ä¶ https://t.co/McdtAVQXG9",-0.4404,0.0,0.132,0.868
486,@NYTimes,2018-07-09 02:01:17+00:00,-86,"""I took them to a party and got rave reviews and some guests took a few home with them"" ‚Äî a reader https://t.co/aNl3BGV7uC",0.4019,0.13,0.0,0.87
487,@NYTimes,2018-07-09 01:43:49+00:00,-87,Town Grieves for a Father and His Four Daughters https://t.co/h2zwMeLvUV,-0.4767,0.0,0.279,0.721
488,@NYTimes,2018-07-09 01:30:48+00:00,-88,"Scott Pruitt, Fallen E.P.A. Chief, May Rise Again in Oklahoma https://t.co/GJHLOj8Y2J",-0.3612,0.0,0.2,0.8
489,@NYTimes,2018-07-09 01:29:19+00:00,-89,Beijing is embracing technologies like facial recognition and artificial intelligence to identify and track 1.4 bil‚Ä¶ https://t.co/RX97CNxsIR,0.6808,0.272,0.0,0.728
490,@NYTimes,2018-07-09 01:11:04+00:00,-90,"In Daring Underwater Cave Rescue, 4 of 13 Thai Are Freed https://t.co/JgWorc75QM",0.8176,0.515,0.0,0.485
491,@NYTimes,2018-07-09 00:53:53+00:00,-91,"In Alabama, a man known as a prisoner's rights advocate is facing death row. But he didn't kill anyone. https://t.co/sojbX3HBX2",-0.0418,0.158,0.165,0.677
492,@NYTimes,2018-07-09 00:35:21+00:00,-92,"Not long before his death, XXXTentacion signed a $10 million deal for his next album, which could still be out this‚Ä¶ https://t.co/TLQC9VTLNq",-0.5994,0.0,0.163,0.837
493,@NYTimes,2018-07-09 00:16:14+00:00,-93,"A curator has filed a complaint against MoMA PS1, saying a job offer was rescinded after she mentioned she had just‚Ä¶ https://t.co/y2DDswKgGf",-0.296,0.0,0.109,0.891
494,@NYTimes,2018-07-08 23:58:57+00:00,-94,Let‚Äôs Celebrate the 14th Amendment https://t.co/bh9ZJ21tcz,0.5719,0.425,0.0,0.575
495,@NYTimes,2018-07-08 23:52:02+00:00,-95,"Government Work Done, Tax Policy Writers Decamp to Lobbying Jobs https://t.co/6m4F0xizv4",-0.0772,0.0,0.115,0.885
496,@NYTimes,2018-07-08 23:51:25+00:00,-96,Scott Pruitt‚Äôs fall from the EPA is a story of his diminishing relationship with many of his closest loyalists https://t.co/wzH30eJycE,0.2732,0.104,0.0,0.896
497,@NYTimes,2018-07-08 23:34:33+00:00,-97,"RT @nytopinion: Juice contains limited nutrients and tons of sugar. In fact, one 12-ounce glass of orange juice contains 10 teaspoons of su‚Ä¶",-0.1027,0.061,0.078,0.861
498,@NYTimes,2018-07-08 23:16:21+00:00,-98,The Science (and the Scientists) Behind ‚ÄòAnt-Man‚Äô https://t.co/xnMi6QmJle,0.0,0.0,0.0,1.0
499,@NYTimes,2018-07-08 23:01:22+00:00,-99,"""Followed the recipe exactly. Perfectly done potatoes, succulent meat, crispy skin, and great overall depth of flav‚Ä¶ https://t.co/fY5bhSc2EQ",0.8519,0.342,0.0,0.658
